objectid,parentid,anthology,title,creator,date,subject,startpage,genre,publisher,display_template,object_location,image_small,image_thumb,location,latitude,longitude,authorbio,authorborn
blacklesbianauthor218,anthology010,Home Girls: A Black Feminist Anthology (40th anniversary edition),The Tired Poem: Last Letter From a Typical (Unemployed) Black Professional Woman,Kate Rushin,1979,,287,poem,,image/jpeg,/objects/blacklesbianauthor218.jpeg,/objects/small/blacklesbianauthor218_sm.jpeg,/objects/thumbs/blacklesbianauthor218_th.jpeg,,,,,
blacklesbianauthor227,anthology010,Home Girls: A Black Feminist Anthology (40th anniversary edition),"""Under the Days"":The Buried Life and Poetry of Angeline Weld Grimké",Akasha Gloria T. Hull,1979,,87,essay,,image/jpeg,/objects/blacklesbianauthor227.jpeg,/object/small/blacklesbianauthor227_sm.jpeg,/objects/thumbs/blacklesbianauthor227_th.jpeg,,,,,
blacklesbianauthor228,anthology010,Home Girls: A Black Feminist Anthology (40th anniversary edition),What It Is I Think She's Doing Anyhow: A Reading of Toni Cade Bambara's _The Salt Eaters,Akasha Gloria T. Hull,1983,,145,essay,,image/jpeg,/objects/blacklesbianauthor228.jpeg,/object/small/blacklesbianauthor228_sm.jpeg,/objects/thumbs/blacklesbianauthor228_th.jpeg,,,,,
blacklesbianauthor229,anthology010,Home Girls: A Black Feminist Anthology (40th anniversary edition),Poem,Akasha Gloria T. Hull,1979,,-69,poem,,image/jpeg,/objects/blacklesbianauthor229.jpeg,/object/small/blacklesbianauthor229_sm.jpeg,/objects/thumbs/blacklesbianauthor229_th.jpeg,,,,,
blacklesbianauthor230,anthology010,Home Girls: A Black Feminist Anthology (40th anniversary edition),The Sisters,Alexis De Veaux,1979,,11,short story,,image/jpeg,/objects/blacklesbianauthor230.jpeg,/object/small/blacklesbianauthor230_sm.jpeg,/objects/thumbs/blacklesbianauthor230_th.jpeg,,,,,
blacklesbianauthor231,anthology010,Home Girls: A Black Feminist Anthology (40th anniversary edition),The Black Lesbian in American Literature: An Overview,Ann Allen Shockley,1979,,99,essay,,image/jpeg,/objects/blacklesbianauthor231.jpeg,/object/small/blacklesbianauthor231_sm.jpeg,/objects/thumbs/blacklesbianauthor231_th.jpeg,,,,,
blacklesbianauthor232,anthology010,Home Girls: A Black Feminist Anthology (40th anniversary edition),Tar Beach,Audre Lorde,1979,,169,short story,,image/jpeg,/objects/blacklesbianauthor232.jpeg,/object/small/blacklesbianauthor232_sm.jpeg,/objects/thumbs/blacklesbianauthor232_th.jpeg,,,,,
blacklesbianauthor233,anthology010,Home Girls: A Black Feminist Anthology (40th anniversary edition),Introduction,Barbara Smith,1983,,-25,introduction,,image/jpeg,/objects/blacklesbianauthor233.jpeg,/object/small/blacklesbianauthor233_sm.jpeg,/objects/thumbs/blacklesbianauthor233_th.jpeg,,,,,
blacklesbianauthor234,anthology010,Home Girls: A Black Feminist Anthology (40th anniversary edition),Home,Barbara Smith,1983,,77,essay,,image/jpeg,/objects/blacklesbianauthor234.jpeg,/object/small/blacklesbianauthor234_sm.jpeg,/objects/thumbs/blacklesbianauthor234_th.jpeg,,,,,
blacklesbianauthor235,anthology010,Home Girls: A Black Feminist Anthology (40th anniversary edition),Miss Esther's Land,Barbara A. Banks,1983,,201,short story,,image/jpeg,/objects/blacklesbianauthor235.jpeg,/object/small/blacklesbianauthor235_sm.jpeg,/objects/thumbs/blacklesbianauthor235_th.jpeg,,,,,
blacklesbianauthor236,anthology010,Home Girls: A Black Feminist Anthology (40th anniversary edition),Maria de las Rosas,Becky Birtha,1979,,199,poem,,image/jpeg,/objects/blacklesbianauthor236.jpeg,/object/small/blacklesbianauthor236_sm.jpeg,/objects/thumbs/blacklesbianauthor236_th.jpeg,,,,,
blacklesbianauthor237,anthology010,Home Girls: A Black Feminist Anthology (40th anniversary edition),The Wedding,Beverly Smith,1979,,191,essay,,image/jpeg,/objects/blacklesbianauthor237.jpeg,/object/small/blacklesbianauthor237_sm.jpeg,/objects/thumbs/blacklesbianauthor237_th.jpeg,,,,,
blacklesbianauthor238,anthology010,Home Girls: A Black Feminist Anthology (40th anniversary edition),"The Blood—Yes, The Blood: A Conversation",Cenen; Barbara Smith,1983,,35,conversation,,image/jpeg,/objects/blacklesbianauthor238.jpeg,/object/small/blacklesbianauthor238_sm.jpeg,/objects/thumbs/blacklesbianauthor238_th.jpeg,,,,,
blacklesbianauthor239,anthology010,Home Girls: A Black Feminist Anthology (40th anniversary edition),The Failure to Transform: Homophobia in the Black Community,Cheryl Clarke,1983,,223,essay,,image/jpeg,/objects/blacklesbianauthor239.jpeg,/object/small/blacklesbianauthor239_sm.jpeg,/objects/thumbs/blacklesbianauthor239_th.jpeg,,,,,
blacklesbianauthor240,anthology010,Home Girls: A Black Feminist Anthology (40th anniversary edition),Women of Summer,Cheryl Clarke,1979,,259,short story,,image/jpeg,/objects/blacklesbianauthor240.jpeg,/object/small/blacklesbianauthor240_sm.jpeg,/objects/thumbs/blacklesbianauthor240_th.jpeg,,,,,
blacklesbianauthor241,anthology010,Home Girls: A Black Feminist Anthology (40th anniversary edition),Billy de Lye,Deidre McCalla,1976,,305,poem,,image/jpeg,/objects/blacklesbianauthor241.jpeg,/object/small/blacklesbianauthor241_sm.jpeg,/objects/thumbs/blacklesbianauthor241_th.jpeg,,,,,
blacklesbianauthor242,anthology010,Home Girls: A Black Feminist Anthology (40th anniversary edition),Before I Dress and Soar Again,Donna Allegra,1983,,185,poem,,image/jpeg,/objects/blacklesbianauthor242.jpeg,/object/small/blacklesbianauthor242_sm.jpeg,/objects/thumbs/blacklesbianauthor242_th.jpeg,,,,,
blacklesbianauthor243,anthology010,Home Girls: A Black Feminist Anthology (40th anniversary edition),A Cultural Legacy Denied and Discovered: Black Lesbians in Fiction by Women,Jewelle Gomez,1983,,129,essay,,image/jpeg,/objects/blacklesbianauthor243.jpeg,/object/small/blacklesbianauthor243_sm.jpeg,/objects/thumbs/blacklesbianauthor243_th.jpeg,,,,,
blacklesbianauthor245,anthology010,Home Girls: A Black Feminist Anthology (40th anniversary edition),The Black Goddess,Kate Rushin,1983,,367,poem,,image/jpeg,/objects/blacklesbianauthor245.jpeg,/object/small/blacklesbianauthor245_sm.jpeg,/objects/thumbs/blacklesbianauthor245_th.jpeg,,,,,
blacklesbianauthor246,anthology010,Home Girls: A Black Feminist Anthology (40th anniversary edition),"If I Could Write This in Fire, I Would Write This in Fire ",Michelle Cliff,1983,,17,essay,,image/jpeg,/objects/blacklesbianauthor246.jpeg,/object/small/blacklesbianauthor246_sm.jpeg,/objects/thumbs/blacklesbianauthor246_th.jpeg,,,,,
blacklesbianauthor247,anthology010,Home Girls: A Black Feminist Anthology (40th anniversary edition),Where Will You Be?,Pat Parker,1978,,237,poem,,image/jpeg,/objects/blacklesbianauthor247.jpeg,/object/small/blacklesbianauthor247_sm.jpeg,/objects/thumbs/blacklesbianauthor247_th.jpeg,,,,,
blacklesbianauthor248,anthology010,Home Girls: A Black Feminist Anthology (40th anniversary edition),LeRoy's Birthday,Raymina Y. Mays,1982,,187,short story,,image/jpeg,/objects/blacklesbianauthor248.jpeg,/object/small/blacklesbianauthor248_sm.jpeg,/objects/thumbs/blacklesbianauthor248_th.jpeg,,,,,
blacklesbianauthor249,anthology010,Home Girls: A Black Feminist Anthology (40th anniversary edition),Black Lesbian/Feminist Organizing: A Conversation,Tania Abdulahad; Gwendolyn Rogers; Barbara Smith; Jameelah Waheed,1983,,331,conversation,,image/jpeg,/objects/blacklesbianauthor249.jpeg,/object/small/blacklesbianauthor249_sm.jpeg,/objects/thumbs/blacklesbianauthor249_th.jpeg,,,,,
blacklesbianauthor250,anthology010,Home Girls: A Black Feminist Anthology (40th anniversary edition),"For a Godchild, Regina, On the Occasion of Her First Love",Toi Derricotte,1979,,3,poem,,image/jpeg,/objects/blacklesbianauthor250.jpeg,/object/small/blacklesbianauthor250_sm.jpeg,/objects/thumbs/blacklesbianauthor250_th.jpeg,,,,,
blacklesbianauthor251,anthology010,Home Girls: A Black Feminist Anthology (40th anniversary edition),The Damned,Toi Derricotte,1983,,7,poem,,image/jpeg,/objects/blacklesbianauthor251.jpeg,/object/small/blacklesbianauthor251_sm.jpeg,/objects/thumbs/blacklesbianauthor251_th.jpeg,,,,,
blacklesbianauthor252,anthology010,Home Girls: A Black Feminist Anthology (40th anniversary edition),Hester's Song,Toi Derricotte,1983,,9,poem,,image/jpeg,/objects/blacklesbianauthor252.jpeg,/object/small/blacklesbianauthor252_sm.jpeg,/objects/thumbs/blacklesbianauthor252_th.jpeg,,,,,
blacklesbianauthor253,anthology010,Home Girls: A Black Feminist Anthology (40th anniversary edition),The Black Back-Ups,Kate Rushin,1983,,71,poem,,image/jpeg,/objects/blacklesbianauthor253.jpeg,/object/small/blacklesbianauthor253_sm.jpeg,/objects/thumbs/blacklesbianauthor253_th.jpeg,,,,,
blacklesbianauthor254,anthology010,Home Girls: A Black Feminist Anthology (40th anniversary edition),A Black Feminist Statement/The Combahee River Collective Statement,Combahee River Collective,1979,,307,manifesto,,image/jpeg,/objects/blacklesbianauthor254.jpeg,/object/small/blacklesbianauthor254_sm.jpeg,/objects/thumbs/blacklesbianauthor254_th.jpeg,,,,,
blacklesbianauthor255,anthology010,Home Girls: A Black Feminist Anthology (40th anniversary edition),Preface to the 40th Anniversary Edition,Barbara Smith,2023,,-11,preface,,image/jpeg,/objects/blacklesbianauthor255.jpeg,/object/small/blacklesbianauthor255_sm.jpeg,/objects/thumbs/blacklesbianauthor255_th.jpeg,,,,,
blacklesbianauthor256,anthology010,Home Girls: A Black Feminist Anthology (40th anniversary edition),Preface to the Rutgers University Press Edition,Barbara Smith,1999,,-17,preface,,image/jpeg,/objects/blacklesbianauthor256.jpeg,/object/small/blacklesbianauthor256_sm.jpeg,/objects/thumbs/blacklesbianauthor256_th.jpeg,,,,,
blacklesbianauthor191,anthology009,The Black Woman: An Anthology,And What About the Children,Audre Lorde,1968,,19,poem,,image/jpeg,/objects/blacklesbianauthor191.jpeg,/objects/small/blacklesbianauthor191_sm.jpeg,/objects/thumbs/blacklesbianauthor191_th.jpeg,,,,,
blacklesbianauthor192,anthology009,The Black Woman: An Anthology,Naturally,Audre Lorde,1968,,18,poem,,image/jpeg,/objects/blacklesbianauthor192.jpeg,/objects/small/blacklesbianauthor192_sm.jpeg,/objects/thumbs/blacklesbianauthor192_th.jpeg,,,,,
blacklesbianauthor204,anthology008,This Bridge Called My Back: Writings By Radical Women of Color (4ed),Brownness,Andrea Canaan,1981,,232,essay,,image/jpeg,/objects/blacklesbianauthor204.jpeg,/objects/small/blacklesbianauthor204_sm.jpeg,/objects/thumbs/blacklesbianauthor204_th.jpeg,,,,,
blacklesbianauthor205,anthology008,This Bridge Called My Back: Writings By Radical Women of Color (4ed),The Black Back-Ups,Kate Rushin,1983,,78,poem,,image/jpeg,/objects/blacklesbianauthor205.jpeg,/objects/small/blacklesbianauthor205_sm.jpeg,/objects/thumbs/blacklesbianauthor205_th.jpeg,,,,,
blacklesbianauthor206,anthology008,This Bridge Called My Back: Writings By Radical Women of Color (4ed),The Tired Poem: Last Letter From a Typical (Unemployed) Black Professional Woman,Kate Rushin,1979,,106,poem,,image/jpeg,/objects/blacklesbianauthor206.jpeg,/objects/small/blacklesbianauthor206_sm.jpeg,/objects/thumbs/blacklesbianauthor206_th.jpeg,,,,,
blacklesbianauthor207,anthology008,This Bridge Called My Back: Writings By Radical Women of Color (4ed),To Be Continued...,Kate Rushin,1993,,109,poem,,image/jpeg,/objects/blacklesbianauthor207.jpeg,/objects/small/blacklesbianauthor207_sm.jpeg,/objects/thumbs/blacklesbianauthor207_th.jpeg,,,,,
blacklesbianauthor209,anthology008,This Bridge Called My Back: Writings By Radical Women of Color (4ed),The Bridge Poem,Kate Rushin,1993,,-33,poem,,image/jpeg,/objects/blacklesbianauthor209.jpeg,/objects/small/blacklesbianauthor209_sm.jpeg,/objects/thumbs/blacklesbianauthor209_th.jpeg,,,,,
blacklesbianauthor220,anthology008,This Bridge Called My Back: Writings By Radical Women of Color (4ed),The Pathology of Racism: A Conversation with Third World Wimmin,doris diosa davenport,1980,,81,essay,,image/jpeg,/objects/blacklesbianauthor220.jpeg,/objects/small/blacklesbianauthor220_sm.jpeg,/objects/thumbs/blacklesbianauthor220_th.jpeg,,,,,
blacklesbianauthor221,anthology008,This Bridge Called My Back: Writings By Radical Women of Color (4ed),An Open Letter to Mary Daly,Audre Lorde,1980,,90,letter,,image/jpeg,/objects/blacklesbianauthor221.jpeg,/objects/small/blacklesbianauthor221_sm.jpeg,/objects/thumbs/blacklesbianauthor221_th.jpeg,,,,,
blacklesbianauthor222,anthology008,This Bridge Called My Back: Writings By Radical Women of Color (4ed),The Master's Tools Will Never Dismantle the Master's House,Audre Lorde,1980,,94,essay,,image/jpeg,/objects/blacklesbianauthor222.jpeg,/objects/small/blacklesbianauthor222_sm.jpeg,/objects/thumbs/blacklesbianauthor222_th.jpeg,,,,,
blacklesbianauthor223,anthology008,This Bridge Called My Back: Writings By Radical Women of Color (4ed),Across the Kitchen Table: A Sister-to-Sister Dialogue,Barbara Smith; Beverly Smith,1981,,106,conversation,,image/jpeg,/objects/blacklesbianauthor223.jpeg,/objects/small/blacklesbianauthor223_sm.jpeg,/objects/thumbs/blacklesbianauthor223_th.jpeg,,,,,
blacklesbianauthor224,anthology008,This Bridge Called My Back: Writings By Radical Women of Color (4ed),Lesbianism: An Act of Resistance,Cheryl Clarke,1981,,126,essay,,image/jpeg,/objects/blacklesbianauthor224.jpeg,/objects/small/blacklesbianauthor224_sm.jpeg,/objects/thumbs/blacklesbianauthor224_th.jpeg,,,,,
blacklesbianauthor225,anthology008,This Bridge Called My Back: Writings By Radical Women of Color (4ed),Millicent Fredericks,Gabrielle Daniels,1981,,173,essay,,image/jpeg,/objects/blacklesbianauthor225.jpeg,/objects/small/blacklesbianauthor225_sm.jpeg,/objects/thumbs/blacklesbianauthor225_th.jpeg,,,,,
blacklesbianauthor226,anthology008,This Bridge Called My Back: Writings By Radical Women of Color (4ed),Revolution: It's Not Neat or Pretty or Quick,Pat Parker,1980,,238,speech,,image/jpeg,/objects/blacklesbianauthor226.jpeg,/objects/small/blacklesbianauthor226_sm.jpeg,/objects/thumbs/blacklesbianauthor226_th.jpeg,,,,,
blacklesbianauthor193,anthology007,This Bridge Called My Back: Writings By Radical Women of Color (1ed),An Open Letter to Mary Daly,Audre Lorde,1980,,94,letter,,image/jpeg,/objects/blacklesbianauthor193.jpeg,/objects/small/blacklesbianauthor193_sm.jpeg,/objects/thumbs/blacklesbianauthor193_th.jpeg,,,,,
blacklesbianauthor194,anthology007,This Bridge Called My Back: Writings By Radical Women of Color (1ed),The Master's Tools Will Never Dismantle the Master's House,Audre Lorde,1980,,98,essay,,image/jpeg,/objects/blacklesbianauthor194.jpeg,/objects/small/blacklesbianauthor194_sm.jpeg,/objects/thumbs/blacklesbianauthor194_th.jpeg,,,,,
blacklesbianauthor195,anthology007,This Bridge Called My Back: Writings By Radical Women of Color (1ed),Across the Kitchen Table: A Sister-to-Sister Dialogue,Barbara Smith; Beverly Smith,1981,,113,conversation,,image/jpeg,/objects/blacklesbianauthor195.jpeg,/objects/small/blacklesbianauthor195_sm.jpeg,/objects/thumbs/blacklesbianauthor195_th.jpeg,,,,,
blacklesbianauthor196,anthology007,This Bridge Called My Back: Writings By Radical Women of Color (1ed),Lesbianism: An Act of Resistance,Cheryl Clarke,1981,,128,essay,,image/jpeg,/objects/blacklesbianauthor196.jpeg,/objects/small/blacklesbianauthor196_sm.jpeg,/objects/thumbs/blacklesbianauthor196_th.jpeg,,,,,
blacklesbianauthor197,anthology007,This Bridge Called My Back: Writings By Radical Women of Color (1ed),A Black Feminist Statement/The Combahee River Collective Statement,Combahee River Collective,1979,,210,manifesto,,image/jpeg,/objects/blacklesbianauthor197.jpeg,/objects/small/blacklesbianauthor197_sm.jpeg,/objects/thumbs/blacklesbianauthor197_th.jpeg,,,,,
blacklesbianauthor198,anthology007,This Bridge Called My Back: Writings By Radical Women of Color (1ed),The Pathology of Racism: A Conversation with Third World Wimmin,doris diosa davenport,1980,,85,essay,,image/jpeg,/objects/blacklesbianauthor198.jpeg,/objects/small/blacklesbianauthor198_sm.jpeg,/objects/thumbs/blacklesbianauthor198_th.jpeg,,,,,
blacklesbianauthor199,anthology007,This Bridge Called My Back: Writings By Radical Women of Color (1ed),Millicent Fredericks,Gabrielle Daniels,1981,,76,essay,,image/jpeg,/objects/blacklesbianauthor199.jpeg,/objects/small/blacklesbianauthor199_sm.jpeg,/objects/thumbs/blacklesbianauthor199_th.jpeg,,,,,
blacklesbianauthor200,anthology007,This Bridge Called My Back: Writings By Radical Women of Color (1ed),billie lives! billie lives!,hattie gosset,1980,,109,essay,,image/jpeg,/objects/blacklesbianauthor200.jpeg,/objects/small/blacklesbianauthor200_sm.jpeg,/objects/thumbs/blacklesbianauthor200_th.jpeg,,,,,
blacklesbianauthor201,anthology007,This Bridge Called My Back: Writings By Radical Women of Color (1ed),who told you anbody wants to hear from you? you ain't nothing but a black woman!,hattie gosset,1980,,175,essay,,image/jpeg,/objects/blacklesbianauthor201.jpeg,/objects/small/blacklesbianauthor201_sm.jpeg,/objects/thumbs/blacklesbianauthor201_th.jpeg,,,,,
blacklesbianauthor202,anthology007,This Bridge Called My Back: Writings By Radical Women of Color (1ed),The Bridge Poem,Kate Rushin,1981,,-21,poem,,image/jpeg,/objects/blacklesbianauthor202.jpeg,/objects/small/blacklesbianauthor202_sm.jpeg,/objects/thumbs/blacklesbianauthor202_th.jpeg,,,,,
blacklesbianauthor203,anthology007,This Bridge Called My Back: Writings By Radical Women of Color (1ed),Revolution: It's Not Neat or Pretty or Quick,Pat Parker,1980,,238,speech,,image/jpeg,/objects/blacklesbianauthor203.jpeg,/objects/small/blacklesbianauthor203_sm.jpeg,/objects/thumbs/blacklesbianauthor203_th.jpeg,,,,,
blacklesbianauthor219,anthology007,This Bridge Called My Back: Writings By Radical Women of Color (1ed),Brownness,Andrea Canaan,1981,,232,essay,,image/jpeg,/objects/blacklesbianauthor219.jpeg,/objects/small/blacklesbianauthor219_sm.jpeg,/objects/thumbs/blacklesbianauthor219_th.jpeg,,,,,
blacklesbianauthor019,anthology006,But Some Of Us Are Brave: Black Women's Studies (1ed),Researching Alice Dunbar-Nelson: A Personal and Literary Persepective,Akasha Gloria T. Hull,1981,,189,essay,,image/jpeg,/objects/blacklesbianauthor019.jpeg,/objects/small/blacklesbianauthor019_sm.jpeg,/objects/thumbs/blacklesbianauthor019_th.jpeg,,,,,
blacklesbianauthor020,anthology006,But Some Of Us Are Brave: Black Women's Studies (1ed),Introduction: The Politics of Black Women's Studies,Akasha Gloria T. Hull; Barbara Smith,1982,,-17,introduction,,image/jpeg,/objects/blacklesbianauthor020.jpeg,/objects/small/blacklesbianauthor020_sm.jpeg,/objects/thumbs/blacklesbianauthor020_th.jpeg,,,,,
blacklesbianauthor021,anthology006,But Some Of Us Are Brave: Black Women's Studies (1ed),Toward a Black Feminist Criticism,Barbara Smith,1977,,157,essay,,image/jpeg,/objects/blacklesbianauthor021.jpeg,/objects/small/blacklesbianauthor021_sm.jpeg,/objects/thumbs/blacklesbianauthor021_th.jpeg,,,,,
blacklesbianauthor022,anthology006,But Some Of Us Are Brave: Black Women's Studies (1ed),Racism and Women's Studies,Barbara Smith,1979,,48,essay,,image/jpeg,/objects/blacklesbianauthor022.jpeg,/objects/small/blacklesbianauthor022_sm.jpeg,/objects/thumbs/blacklesbianauthor022_th.jpeg,,,,,
blacklesbianauthor023,anthology006,But Some Of Us Are Brave: Black Women's Studies (1ed),Black Women's Health: Notes for a Course,Beverly Smith,1982,,103,syllabus notes,,image/jpeg,/objects/blacklesbianauthor023.jpeg,/objects/small/blacklesbianauthor023_sm.jpeg,/objects/thumbs/blacklesbianauthor023_th.jpeg,,,,,
blacklesbianauthor024,anthology006,But Some Of Us Are Brave: Black Women's Studies (1ed),"Face-to-Face, Day-to-Day—Racism CR",Tia Cross; Freada Klein; Barbara Smith; Beverly Smith,1983,,52,consciousness-raising,,image/jpeg,/objects/blacklesbianauthor024.jpeg,/objects/small/blacklesbianauthor024_sm.jpeg,/objects/thumbs/blacklesbianauthor024_th.jpeg,,,,,
blacklesbianauthor211,anthology006,But Some Of Us Are Brave: Black Women's Studies (1ed),A Black Feminist Statement/The Combahee River Collective Statement,Combahee River Collective,1979,,13,manifesto,,image/jpeg,/objects/blacklesbianauthor211.jpeg,/objects/small/blacklesbianauthor211_sm.jpeg,/objects/thumbs/blacklesbianauthor211_th.jpeg,,,,,
blacklesbianauthor001,anthology005,Afrekete: An Anthology of Black Lesbian Writing,Dear Aunt Nanadine,Alexis De Veaux,1982,,79,letter,,image/jpeg,/objects/blacklesbianauthor001.jpeg,/objects/small/blacklesbianauthor001_sm.jpeg,/objects/thumbs/blacklesbianauthor001_th.jpeg,,,,,
blacklesbianauthor002,anthology005,Afrekete: An Anthology of Black Lesbian Writing,Today Is Not the Day,Audre Lorde,1993,,305,poem,,image/jpeg,/objects/blacklesbianauthor002.jpeg,/objects/small/blacklesbianauthor002_sm.jpeg,/objects/thumbs/blacklesbianauthor002_th.jpeg,,,,,
blacklesbianauthor003,anthology005,Afrekete: An Anthology of Black Lesbian Writing,The Old Lady,Carolivia Herron,1994,,101,short story,,image/jpeg,/objects/blacklesbianauthor003.jpeg,/objects/small/blacklesbianauthor003_sm.jpeg,/objects/thumbs/blacklesbianauthor003_th.jpeg,,,,,
blacklesbianauthor004,anthology005,Afrekete: An Anthology of Black Lesbian Writing,Ruby,Cynthia Bond,1994,,229,short story,,image/jpeg,/objects/blacklesbianauthor004.jpeg,/objects/small/blacklesbianauthor004_sm.jpeg,/objects/thumbs/blacklesbianauthor004_th.jpeg,,,,,
blacklesbianauthor005,anthology005,Afrekete: An Anthology of Black Lesbian Writing,Ode to Aretha,Evelyn C. White,1994,,295,ode,,image/jpeg,/objects/blacklesbianauthor005.jpeg,/objects/small/blacklesbianauthor005_sm.jpeg,/objects/thumbs/blacklesbianauthor005_th.jpeg,,,,,
blacklesbianauthor006,anthology005,Afrekete: An Anthology of Black Lesbian Writing,Water Call,Helen Elaine Lee,1994,,49,short story,,image/jpeg,/objects/blacklesbianauthor006.jpeg,/objects/small/blacklesbianauthor006_sm.jpeg,/objects/thumbs/blacklesbianauthor006_th.jpeg,,,,,
blacklesbianauthor007,anthology005,Afrekete: An Anthology of Black Lesbian Writing,Queen for 307 Days,Jackie Goldsby,1993,,165,essay,,image/jpeg,/objects/blacklesbianauthor007.jpeg,/objects/small/blacklesbianauthor007_sm.jpeg,/objects/thumbs/blacklesbianauthor007_th.jpeg,,,,,
blacklesbianauthor008,anthology005,Afrekete: An Anthology of Black Lesbian Writing,"Tuesday, August Third",Jacqueline Woodson,1994,,63,short story,,image/jpeg,/objects/blacklesbianauthor008.jpeg,/objects/small/blacklesbianauthor008_sm.jpeg,/objects/thumbs/blacklesbianauthor008_th.jpeg,,,,,
blacklesbianauthor009,anthology005,Afrekete: An Anthology of Black Lesbian Writing,Kaleidoscope,Jamika Ajalon,1994,,139,letter,,image/jpeg,/objects/blacklesbianauthor009.jpeg,/objects/small/blacklesbianauthor009_sm.jpeg,/objects/thumbs/blacklesbianauthor009_th.jpeg,,,,,
blacklesbianauthor010,anthology005,Afrekete: An Anthology of Black Lesbian Writing,Wink of an Eye,Jewelle Gomez,1993,,125,essay,,image/jpeg,/objects/blacklesbianauthor010.jpeg,/objects/small/blacklesbianauthor010_sm.jpeg,/objects/thumbs/blacklesbianauthor010_th.jpeg,,,,,
blacklesbianauthor011,anthology005,Afrekete: An Anthology of Black Lesbian Writing,Testimony of a Naked Woman,Jocelyn Maria Taylor,1994,,29,essay,,image/jpeg,/objects/blacklesbianauthor011.jpeg,/objects/small/blacklesbianauthor011_sm.jpeg,/objects/thumbs/blacklesbianauthor011_th.jpeg,,,,,
blacklesbianauthor012,anthology005,Afrekete: An Anthology of Black Lesbian Writing,Revelations,Linda Villarosa,1995,,215,essay,,image/jpeg,/objects/blacklesbianauthor012.jpeg,/objects/small/blacklesbianauthor012_sm.jpeg,/objects/thumbs/blacklesbianauthor012_th.jpeg,,,,,
blacklesbianauthor013,anthology005,Afrekete: An Anthology of Black Lesbian Writing,What Has Yet to Be Sung,Malkia Cyril,1992,,97,poem,,image/jpeg,/objects/blacklesbianauthor013.jpeg,/objects/small/blacklesbianauthor013_sm.jpeg,/objects/thumbs/blacklesbianauthor013_th.jpeg,,,,,
blacklesbianauthor014,anthology005,Afrekete: An Anthology of Black Lesbian Writing,Dare,Melanie Hope,1994,,255,essay,,image/jpeg,/objects/blacklesbianauthor014.jpeg,/objects/small/blacklesbianauthor014_sm.jpeg,/objects/thumbs/blacklesbianauthor014_th.jpeg,,,,,
blacklesbianauthor015,anthology005,Afrekete: An Anthology of Black Lesbian Writing,Screen Memory,Michelle Cliff,1990,,195,short story,,image/jpeg,/objects/blacklesbianauthor015.jpeg,/objects/small/blacklesbianauthor015_sm.jpeg,/objects/thumbs/blacklesbianauthor015_th.jpeg,,,,,
blacklesbianauthor016,anthology005,Afrekete: An Anthology of Black Lesbian Writing,Odds and Ends,Michelle Parkerson,1983,,89,fable,,image/jpeg,/objects/blacklesbianauthor016.jpeg,/objects/small/blacklesbianauthor016_sm.jpeg,/objects/thumbs/blacklesbianauthor016_th.jpeg,,,,,
blacklesbianauthor017,anthology005,Afrekete: An Anthology of Black Lesbian Writing,American Dream,Sapphire,1994,,19,poem,,image/jpeg,/objects/blacklesbianauthor017.jpeg,/objects/small/blacklesbianauthor017_sm.jpeg,/objects/thumbs/blacklesbianauthor017_th.jpeg,,,,,
blacklesbianauthor018,anthology005,Afrekete: An Anthology of Black Lesbian Writing,Take Care,Sharee Nash,1994,,271,essay,,image/jpeg,/objects/blacklesbianauthor018.jpeg,/objects/small/blacklesbianauthor018_sm.jpeg,/objects/thumbs/blacklesbianauthor018_th.jpeg,,,,,
blacklesbianauthor215,anthology005,Afrekete: An Anthology of Black Lesbian Writing,Tar Beach,Audre Lorde,1979,,1,short story,,image/jpeg,/objects/blacklesbianauthor215.jpeg,/objects/small/blacklesbianauthor215_sm.jpeg,/objects/thumbs/blacklesbianauthor215_th.jpeg,,,,,
blacklesbianauthor217,anthology005,Afrekete: An Anthology of Black Lesbian Writing,Where Will You Be?,Pat Parker,1978,,189,poem,,image/jpeg,/objects/blacklesbianauthor217.jpeg,/objects/small/blacklesbianauthor217_sm.jpeg,/objects/thumbs/blacklesbianauthor217_th.jpeg,,,,,
blacklesbianauthor153,anthology004,Piece Of My Heart: A Lesbian of Colour Anthology,"Leaving Home, Coming Home",Anette Clough,1991,,8,essay,,image/jpeg,/objects/blacklesbianauthor153.jpeg,/objects/small/blacklesbianauthor153_sm.jpeg,/objects/thumbs/blacklesbianauthor153_th.jpeg,,,,,
blacklesbianauthor154,anthology004,Piece Of My Heart: A Lesbian of Colour Anthology,I Am Your Sister: Black Women Organizing Across Sexualities,Audre Lorde,1985,,94,essay,,image/jpeg,/objects/blacklesbianauthor154.jpeg,/objects/small/blacklesbianauthor154_sm.jpeg,/objects/thumbs/blacklesbianauthor154_th.jpeg,,,,,
blacklesbianauthor155,anthology004,Piece Of My Heart: A Lesbian of Colour Anthology,The Window,Carol Camper,1991,,79,essay,,image/jpeg,/objects/blacklesbianauthor155.jpeg,/objects/small/blacklesbianauthor155_sm.jpeg,/objects/thumbs/blacklesbianauthor155_th.jpeg,,,,,
blacklesbianauthor156,anthology004,Piece Of My Heart: A Lesbian of Colour Anthology,Gaia,Carol Camper,1991,,326,poem,,image/jpeg,/objects/blacklesbianauthor156.jpeg,/objects/small/blacklesbianauthor156_sm.jpeg,/objects/thumbs/blacklesbianauthor156_th.jpeg,,,,,
blacklesbianauthor157,anthology004,Piece Of My Heart: A Lesbian of Colour Anthology,Untitled,Carol Camper,1991,,328,poem,,image/jpeg,/objects/blacklesbianauthor157.jpeg,/objects/small/blacklesbianauthor157_sm.jpeg,/objects/thumbs/blacklesbianauthor157_th.jpeg,,,,,
blacklesbianauthor158,anthology004,Piece Of My Heart: A Lesbian of Colour Anthology,"Saying the Least Said, Telling the Least Told: The Voices of Black Lesbian Writers",Cheryl Clarke,1990,,171,essay,,image/jpeg,/objects/blacklesbianauthor158.jpeg,/objects/small/blacklesbianauthor158_sm.jpeg,/objects/thumbs/blacklesbianauthor158_th.jpeg,,,,,
blacklesbianauthor159,anthology004,Piece Of My Heart: A Lesbian of Colour Anthology,Living as a lesbian on the make,Cheryl Clarke,1986,,335,poem,,image/jpeg,/objects/blacklesbianauthor159.jpeg,/objects/small/blacklesbianauthor159_sm.jpeg,/objects/thumbs/blacklesbianauthor159_th.jpeg,,,,,
blacklesbianauthor160,anthology004,Piece Of My Heart: A Lesbian of Colour Anthology,Great Expectations,Cheryl Clarke,1986,,376,poem,,image/jpeg,/objects/blacklesbianauthor160.jpeg,/objects/small/blacklesbianauthor160_sm.jpeg,/objects/thumbs/blacklesbianauthor160_th.jpeg,,,,,
blacklesbianauthor161,anthology004,Piece Of My Heart: A Lesbian of Colour Anthology,Reaching Across the Void,Christina Springer,1991,,11,poem,,image/jpeg,/objects/blacklesbianauthor161.jpeg,/objects/small/blacklesbianauthor161_sm.jpeg,/objects/thumbs/blacklesbianauthor161_th.jpeg,,,,,
blacklesbianauthor162,anthology004,Piece Of My Heart: A Lesbian of Colour Anthology,Ancestor Song,Christina Springer,1991,,139,poem,,image/jpeg,/objects/blacklesbianauthor162.jpeg,/objects/small/blacklesbianauthor162_sm.jpeg,/objects/thumbs/blacklesbianauthor162_th.jpeg,,,,,
blacklesbianauthor163,anthology004,Piece Of My Heart: A Lesbian of Colour Anthology,Alana,Christina Springer,1991,,256,poem,,image/jpeg,/objects/blacklesbianauthor163.jpeg,/objects/small/blacklesbianauthor163_sm.jpeg,/objects/thumbs/blacklesbianauthor163_th.jpeg,,,,,
blacklesbianauthor164,anthology004,Piece Of My Heart: A Lesbian of Colour Anthology,A Black Girl Thing,Christina Springer,1991,,38,poem,,image/jpeg,/objects/blacklesbianauthor164.jpeg,/objects/small/blacklesbianauthor164_sm.jpeg,/objects/thumbs/blacklesbianauthor164_th.jpeg,,,,,
blacklesbianauthor165,anthology004,Piece Of My Heart: A Lesbian of Colour Anthology,A Time,Debbie Douglas,1991,,119,short story,,image/jpeg,/objects/blacklesbianauthor165.jpeg,/objects/small/blacklesbianauthor165_sm.jpeg,/objects/thumbs/blacklesbianauthor165_th.jpeg,,,,,
blacklesbianauthor166,anthology004,Piece Of My Heart: A Lesbian of Colour Anthology,Hard Against the Soul,Dionne Brand,1990,,58,poem,,image/jpeg,/objects/blacklesbianauthor166.jpeg,/objects/small/blacklesbianauthor166_sm.jpeg,/objects/thumbs/blacklesbianauthor166_th.jpeg,,,,,
blacklesbianauthor167,anthology004,Piece Of My Heart: A Lesbian of Colour Anthology,Tell Me,Donayle L. Hammond,1991,,329,poem,,image/jpeg,/objects/blacklesbianauthor167.jpeg,/objects/small/blacklesbianauthor167_sm.jpeg,/objects/thumbs/blacklesbianauthor167_th.jpeg,,,,,
blacklesbianauthor168,anthology004,Piece Of My Heart: A Lesbian of Colour Anthology,Issada,Doris L. Harris,1991,,70,poem,,image/jpeg,/objects/blacklesbianauthor168.jpeg,/objects/small/blacklesbianauthor168_sm.jpeg,/objects/thumbs/blacklesbianauthor168_th.jpeg,,,,,
blacklesbianauthor169,anthology004,Piece Of My Heart: A Lesbian of Colour Anthology,Image,Doris L. Harris,1991,,243,poem,,image/jpeg,/objects/blacklesbianauthor169.jpeg,/objects/small/blacklesbianauthor169_sm.jpeg,/objects/thumbs/blacklesbianauthor169_th.jpeg,,,,,
blacklesbianauthor170,anthology004,Piece Of My Heart: A Lesbian of Colour Anthology,Goodbye,Doris L. Harris,1991,,248,poem,,image/jpeg,/objects/blacklesbianauthor170.jpeg,/objects/small/blacklesbianauthor170_sm.jpeg,/objects/thumbs/blacklesbianauthor170_th.jpeg,,,,,
blacklesbianauthor171,anthology004,Piece Of My Heart: A Lesbian of Colour Anthology,Untitled,Heather D. Clark,1991,,369,poem,,image/jpeg,/objects/blacklesbianauthor171.jpeg,/objects/small/blacklesbianauthor171_sm.jpeg,/objects/thumbs/blacklesbianauthor171_th.jpeg,,,,,
blacklesbianauthor172,anthology004,Piece Of My Heart: A Lesbian of Colour Anthology,Taking the Home out of Homophobia: Black Lesbian Health,Jewelle Gomez; Barbara Smith,1990,,40,conversation,,image/jpeg,/objects/blacklesbianauthor172.jpeg,/objects/small/blacklesbianauthor172_sm.jpeg,/objects/thumbs/blacklesbianauthor172_th.jpeg,,,,,
blacklesbianauthor173,anthology004,Piece Of My Heart: A Lesbian of Colour Anthology,Dear Sisters,Judy Nicholson,1991,,106,letter,,image/jpeg,/objects/blacklesbianauthor173.jpeg,/objects/small/blacklesbianauthor173_sm.jpeg,/objects/thumbs/blacklesbianauthor173_th.jpeg,,,,,
blacklesbianauthor174,anthology004,Piece Of My Heart: A Lesbian of Colour Anthology,From Space to Page,Judy Nicholson,1991,,222,poem,,image/jpeg,/objects/blacklesbianauthor174.jpeg,/objects/small/blacklesbianauthor174_sm.jpeg,/objects/thumbs/blacklesbianauthor174_th.jpeg,,,,,
blacklesbianauthor175,anthology004,Piece Of My Heart: A Lesbian of Colour Anthology,Until You Said,Judy Nicholson,1991,,274,poem,,image/jpeg,/objects/blacklesbianauthor175.jpeg,/objects/small/blacklesbianauthor175_sm.jpeg,/objects/thumbs/blacklesbianauthor175_th.jpeg,,,,,
blacklesbianauthor176,anthology004,Piece Of My Heart: A Lesbian of Colour Anthology,Lesbians Get A.I.D.S.,Karen Augustine,1991,,266,poem,,image/jpeg,/objects/blacklesbianauthor176.jpeg,/objects/small/blacklesbianauthor176_sm.jpeg,/objects/thumbs/blacklesbianauthor176_th.jpeg,,,,,
blacklesbianauthor177,anthology004,Piece Of My Heart: A Lesbian of Colour Anthology,JOE/Rape Poem,Karen Augustine,1991,,365,poem,,image/jpeg,/objects/blacklesbianauthor177.jpeg,/objects/small/blacklesbianauthor177_sm.jpeg,/objects/thumbs/blacklesbianauthor177_th.jpeg,,,,,
blacklesbianauthor178,anthology004,Piece Of My Heart: A Lesbian of Colour Anthology,I Too Like to Eat Out,Laura Irene Wayne,1991,,310,poem,,image/jpeg,/objects/blacklesbianauthor178.jpeg,/objects/small/blacklesbianauthor178_sm.jpeg,/objects/thumbs/blacklesbianauthor178_th.jpeg,,,,,
blacklesbianauthor179,anthology004,Piece Of My Heart: A Lesbian of Colour Anthology,Casselberry Harvest,Leleti Tamu,1991,,27,poem,,image/jpeg,/objects/blacklesbianauthor179.jpeg,/objects/small/blacklesbianauthor179_sm.jpeg,/objects/thumbs/blacklesbianauthor179_th.jpeg,,,,,
blacklesbianauthor180,anthology004,Piece Of My Heart: A Lesbian of Colour Anthology,Making Love on Canvas,Leleti Tamu,1991,,28,poem,,image/jpeg,/objects/blacklesbianauthor180.jpeg,/objects/small/blacklesbianauthor180_sm.jpeg,/objects/thumbs/blacklesbianauthor180_th.jpeg,,,,,
blacklesbianauthor181,anthology004,Piece Of My Heart: A Lesbian of Colour Anthology,Wrap Around Joy,Leleti Tamu,1991,,332,poem,,image/jpeg,/objects/blacklesbianauthor181.jpeg,/objects/small/blacklesbianauthor181_sm.jpeg,/objects/thumbs/blacklesbianauthor181_th.jpeg,,,,,
blacklesbianauthor182,anthology004,Piece Of My Heart: A Lesbian of Colour Anthology,Expectations,Leleti Tamu,1991,,333,poem,,image/jpeg,/objects/blacklesbianauthor182.jpeg,/objects/small/blacklesbianauthor182_sm.jpeg,/objects/thumbs/blacklesbianauthor182_th.jpeg,,,,,
blacklesbianauthor183,anthology004,Piece Of My Heart: A Lesbian of Colour Anthology,Dos Culturas / Two Cultures,Maria Cora,1991,,193,poem,,image/jpeg,/objects/blacklesbianauthor183.jpeg,/objects/small/blacklesbianauthor183_sm.jpeg,/objects/thumbs/blacklesbianauthor183_th.jpeg,,,,,
blacklesbianauthor184,anthology004,Piece Of My Heart: A Lesbian of Colour Anthology,Single Embrace,Maria Cora,1991,,225,poem,,image/jpeg,/objects/blacklesbianauthor184.jpeg,/objects/small/blacklesbianauthor184_sm.jpeg,/objects/thumbs/blacklesbianauthor184_th.jpeg,,,,,
blacklesbianauthor185,anthology004,Piece Of My Heart: A Lesbian of Colour Anthology,Fear,Maria Cora,1991,,227,poem,,image/jpeg,/objects/blacklesbianauthor185.jpeg,/objects/small/blacklesbianauthor185_sm.jpeg,/objects/thumbs/blacklesbianauthor185_th.jpeg,,,,,
blacklesbianauthor186,anthology004,Piece Of My Heart: A Lesbian of Colour Anthology,In the Trenches,Raymina Y. Mays,1991,,212,short story,,image/jpeg,/objects/blacklesbianauthor186.jpeg,/objects/small/blacklesbianauthor186_sm.jpeg,/objects/thumbs/blacklesbianauthor186_th.jpeg,,,,,
blacklesbianauthor187,anthology004,Piece Of My Heart: A Lesbian of Colour Anthology,Driving Alone To P-Town Is No Easy Thing,S. Renee Bess,1991,,279,short story,,image/jpeg,/objects/blacklesbianauthor187.jpeg,/objects/small/blacklesbianauthor187_sm.jpeg,/objects/thumbs/blacklesbianauthor187_th.jpeg,,,,,
blacklesbianauthor188,anthology004,Piece Of My Heart: A Lesbian of Colour Anthology,The Joys and Power in Celibacy ,SDiane Bogus,1991,,355,poem,,image/jpeg,/objects/blacklesbianauthor188.jpeg,/objects/small/blacklesbianauthor188_sm.jpeg,/objects/thumbs/blacklesbianauthor188_th.jpeg,,,,,
blacklesbianauthor189,anthology004,Piece Of My Heart: A Lesbian of Colour Anthology,Meditation on LOC Sisterhood,Skye Ward,1991,,105,poem,,image/jpeg,/objects/blacklesbianauthor189.jpeg,/objects/small/blacklesbianauthor189_sm.jpeg,/objects/thumbs/blacklesbianauthor189_th.jpeg,,,,,
blacklesbianauthor190,anthology004,Piece Of My Heart: A Lesbian of Colour Anthology,Interview with Miss Ruth,Terri Jewell,1991,,149,interview,,image/jpeg,/objects/blacklesbianauthor190.jpeg,/objects/small/blacklesbianauthor190_sm.jpeg,/objects/thumbs/blacklesbianauthor190_th.jpeg,,,,,
blacklesbianauthor214,anthology004,Piece Of My Heart: A Lesbian of Colour Anthology,Man Royals and Sodomites: Some Thoughts on the Invisibility of Afro-Carribean Leesbians,Makeda Silvera,1988,,14,essay,,image/jpeg,/objects/blacklesbianauthor214.jpeg,/objects/small/blacklesbianauthor214_sm.jpeg,/objects/thumbs/blacklesbianauthor214_th.jpeg,,,,,
blacklesbianauthor257,anthology004,Piece Of My Heart: A Lesbian of Colour Anthology,Introduction,Makeda Silvera,1991,,-8,introduction,,image/jpeg,/objects/blacklesbianauthor257.jpeg,/object/small/blacklesbianauthor257_sm.jpeg,/objects/thumbs/blacklesbianauthor257_th.jpeg,,,,,
blacklesbianauthor099,anthology003,Mouths of Rain: Anthology of Black Lesbian Thought,Angelina Weld Grimké: (1880-1958),Akasha Gloria T. Hull,1987,,104,essay,,image/jpeg,/objects/blacklesbianauthor099.jpeg,/objects/small/blacklesbianauthor099_sm.jpeg,/objects/thumbs/blacklesbianauthor099_th.jpeg,,,,,
blacklesbianauthor100,anthology003,Mouths of Rain: Anthology of Black Lesbian Thought,Interspecies,Alexis De Veaux,2019,,137,short story,,image/jpeg,/objects/blacklesbianauthor100.jpeg,/objects/small/blacklesbianauthor100_sm.jpeg,/objects/thumbs/blacklesbianauthor100_th.jpeg,,,,,
blacklesbianauthor101,anthology003,Mouths of Rain: Anthology of Black Lesbian Thought,Mouths of Rain: Be Opened,Alexis Pauline Gumbs,2021,,-19,preface,,image/jpeg,/objects/blacklesbianauthor101.jpeg,/objects/small/blacklesbianauthor101_sm.jpeg,/objects/thumbs/blacklesbianauthor101_th.jpeg,,,,,
blacklesbianauthor102,anthology003,Mouths of Rain: Anthology of Black Lesbian Thought,her relationship to Africa lives in the part of her that is eight years,Alexis Pauline Gumbs,2018,,148,poem,,image/jpeg,/objects/blacklesbianauthor102.jpeg,/objects/small/blacklesbianauthor102_sm.jpeg,/objects/thumbs/blacklesbianauthor102_th.jpeg,,,,,
blacklesbianauthor103,anthology003,Mouths of Rain: Anthology of Black Lesbian Thought,The Shape of My Impact,Alexis Pauline Gumbs,2012,,193,essay,,image/jpeg,/objects/blacklesbianauthor103.jpeg,/objects/small/blacklesbianauthor103_sm.jpeg,/objects/thumbs/blacklesbianauthor103_th.jpeg,,,,,
blacklesbianauthor104,anthology003,Mouths of Rain: Anthology of Black Lesbian Thought,Can It Be?,Alice Walker,2020,,4,poem,,image/jpeg,/objects/blacklesbianauthor105.jpeg,/objects/small/blacklesbianauthor105_sm.jpeg,/objects/thumbs/blacklesbianauthor105_th.jpeg,,,,,
blacklesbianauthor105,anthology003,Mouths of Rain: Anthology of Black Lesbian Thought,You! Inez!,Alice Ruth Moore Dunbar-Nelson,1921,,3,poem,,image/jpeg,/objects/blacklesbianauthor104.jpeg,/objects/small/blacklesbianauthor104_sm.jpeg,/objects/thumbs/blacklesbianauthor104_th.jpeg,,,,,
blacklesbianauthor106,anthology003,Mouths of Rain: Anthology of Black Lesbian Thought,A Mona Lisa,Angelina Weld Grimké,1927,,8,poem,,image/jpeg,/objects/blacklesbianauthor106.jpeg,/objects/small/blacklesbianauthor106_sm.jpeg,/objects/thumbs/blacklesbianauthor106_th.jpeg,,,,,
blacklesbianauthor107,anthology003,Mouths of Rain: Anthology of Black Lesbian Thought,"Three for the Price of One: Notes from a Gay, Black Feminist",Anita Cornwell,1983,,47,essay,,image/jpeg,/objects/blacklesbianauthor107.jpeg,/objects/small/blacklesbianauthor107_sm.jpeg,/objects/thumbs/blacklesbianauthor107_th.jpeg,,,,,
blacklesbianauthor108,anthology003,Mouths of Rain: Anthology of Black Lesbian Thought,A Meeting of the Sapphic Daughters,Ann Allen Shockley,1987,,57,short story,,image/jpeg,/objects/blacklesbianauthor108.jpeg,/objects/small/blacklesbianauthor108_sm.jpeg,/objects/thumbs/blacklesbianauthor108_th.jpeg,,,,,
blacklesbianauthor109,anthology003,Mouths of Rain: Anthology of Black Lesbian Thought,Black Pearl: A poetic drama for four voices,Arisa White,2016,,150,poetic drama,,image/jpeg,/objects/blacklesbianauthor109.jpeg,/objects/small/blacklesbianauthor109_sm.jpeg,/objects/thumbs/blacklesbianauthor109_th.jpeg,,,,,
blacklesbianauthor110,anthology003,Mouths of Rain: Anthology of Black Lesbian Thought,Love Poem,Audre Lorde,1975,,9,poem,,image/jpeg,/objects/blacklesbianauthor110.jpeg,/objects/small/blacklesbianauthor110_sm.jpeg,/objects/thumbs/blacklesbianauthor110_th.jpeg,,,,,
blacklesbianauthor111,anthology003,Mouths of Rain: Anthology of Black Lesbian Thought,Woman,Audre Lorde,1978,,10,poem,,image/jpeg,/objects/blacklesbianauthor111.jpeg,/objects/small/blacklesbianauthor111_sm.jpeg,/objects/thumbs/blacklesbianauthor111_th.jpeg,,,,,
blacklesbianauthor112,anthology003,Mouths of Rain: Anthology of Black Lesbian Thought,Uses of the Erotic: The Erotic as Power,Audre Lorde,1984,,11,essay,,image/jpeg,/objects/blacklesbianauthor112.jpeg,/objects/small/blacklesbianauthor112_sm.jpeg,/objects/thumbs/blacklesbianauthor112_th.jpeg,,,,,
blacklesbianauthor113,anthology003,Mouths of Rain: Anthology of Black Lesbian Thought,"A Ratchet Lens: Black Queer Youth, Agency, Hip Hop, and the Black Ratchet Imagination",Bettina Love,2017,,226,essay,,image/jpeg,/objects/blacklesbianauthor113.jpeg,/objects/small/blacklesbianauthor113_sm.jpeg,/objects/thumbs/blacklesbianauthor113_th.jpeg,,,,,
blacklesbianauthor114,anthology003,Mouths of Rain: Anthology of Black Lesbian Thought,"Introduction: No Hand, No Gaze",Briona Simone Jones,2021,,-25,introduction,,image/jpeg,/objects/blacklesbianauthor114.jpeg,/objects/small/blacklesbianauthor114_sm.jpeg,/objects/thumbs/blacklesbianauthor114_th.jpeg,,,,,
blacklesbianauthor115,anthology003,Mouths of Rain: Anthology of Black Lesbian Thought,Deviance as Resistance: A New Research Agenda for the Study of Black Politics,Cathy J. Cohen,2004,,249,essay,,image/jpeg,/objects/blacklesbianauthor115.jpeg,/objects/small/blacklesbianauthor115_sm.jpeg,/objects/thumbs/blacklesbianauthor115_th.jpeg,,,,,
blacklesbianauthor116,anthology003,Mouths of Rain: Anthology of Black Lesbian Thought,Part V: Radical Futurities,Charlene A. Carruthers,2018,,191,section preface,,image/jpeg,/objects/blacklesbianauthor116.jpeg,/objects/small/blacklesbianauthor116_sm.jpeg,/objects/thumbs/blacklesbianauthor116_th.jpeg,,,,,
blacklesbianauthor117,anthology003,Mouths of Rain: Anthology of Black Lesbian Thought,How to Make Art,Cheryl Boyce-Taylor,2020,,167,poem,,image/jpeg,/objects/blacklesbianauthor117.jpeg,/objects/small/blacklesbianauthor117_sm.jpeg,/objects/thumbs/blacklesbianauthor117_th.jpeg,,,,,
blacklesbianauthor118,anthology003,Mouths of Rain: Anthology of Black Lesbian Thought,Foreword: We Won't Stop ,Cheryl Clarke,2021,,-15,foreword,,image/jpeg,/objects/blacklesbianauthor118.jpeg,/objects/small/blacklesbianauthor118_sm.jpeg,/objects/thumbs/blacklesbianauthor118_th.jpeg,,,,,
blacklesbianauthor119,anthology003,Mouths of Rain: Anthology of Black Lesbian Thought,Kittatinny,Cheryl Clarke,2014,,18,poem,,image/jpeg,/objects/blacklesbianauthor119.jpeg,/objects/small/blacklesbianauthor119_sm.jpeg,/objects/thumbs/blacklesbianauthor119_th.jpeg,,,,,
blacklesbianauthor120,anthology003,Mouths of Rain: Anthology of Black Lesbian Thought,"To be an orphan inside of ""blackness""",Dawn Lundy Martin,2017,,66,poem,,image/jpeg,/objects/blacklesbianauthor120.jpeg,/objects/small/blacklesbianauthor120_sm.jpeg,/objects/thumbs/blacklesbianauthor120_th.jpeg,,,,,
blacklesbianauthor121,anthology003,Mouths of Rain: Anthology of Black Lesbian Thought,poem from _No Language Is Neutral_,Dionne Brand,1990,,103,poem,,image/jpeg,/objects/blacklesbianauthor121.jpeg,/objects/small/blacklesbianauthor121_sm.jpeg,/objects/thumbs/blacklesbianauthor121_th.jpeg,,,,,
blacklesbianauthor122,anthology003,Mouths of Rain: Anthology of Black Lesbian Thought,Erzulie-Oshun (Georgia Style),doris diosa davenport,1991,,168,poem,,image/jpeg,/objects/blacklesbianauthor122.jpeg,/objects/small/blacklesbianauthor122_sm.jpeg,/objects/thumbs/blacklesbianauthor122_th.jpeg,,,,,
blacklesbianauthor123,anthology003,Mouths of Rain: Anthology of Black Lesbian Thought,Never Mind the Misery/Where's the Magic?,doris diosa davenport,1981,,280,essay,,image/jpeg,/objects/blacklesbianauthor123.jpeg,/objects/small/blacklesbianauthor123_sm.jpeg,/objects/thumbs/blacklesbianauthor123_th.jpeg,,,,,
blacklesbianauthor124,anthology003,Mouths of Rain: Anthology of Black Lesbian Thought,Black Butch Woman,Janae Johnson,2020,,116,poem,,image/jpeg,/objects/blacklesbianauthor124.jpeg,/objects/small/blacklesbianauthor124_sm.jpeg,/objects/thumbs/blacklesbianauthor124_th.jpeg,,,,,
blacklesbianauthor125,anthology003,Mouths of Rain: Anthology of Black Lesbian Thought,Curtain 1983,Jewelle Gomez,2020,,118,short story,,image/jpeg,/objects/blacklesbianauthor125.jpeg,/objects/small/blacklesbianauthor125_sm.jpeg,/objects/thumbs/blacklesbianauthor125_th.jpeg,,,,,
blacklesbianauthor126,anthology003,Mouths of Rain: Anthology of Black Lesbian Thought,"aubade, in pieces, for my ex-lovers",JP Howard,2020,,115,poem,,image/jpeg,/objects/blacklesbianauthor126.jpeg,/objects/small/blacklesbianauthor126_sm.jpeg,/objects/thumbs/blacklesbianauthor126_th.jpeg,,,,,
blacklesbianauthor127,anthology003,Mouths of Rain: Anthology of Black Lesbian Thought,Ain't I a Woman?,Kai Davis,2019,,67,poem,,image/jpeg,/objects/blacklesbianauthor127.jpeg,/objects/small/blacklesbianauthor127_sm.jpeg,/objects/thumbs/blacklesbianauthor127_th.jpeg,,,,,
blacklesbianauthor128,anthology003,Mouths of Rain: Anthology of Black Lesbian Thought,"Not Feminine as in Straight, but Femme as in Queer #AF: The Queer & Black Roots of My Femme Expression/Experience",Kaila Story,2020,,69,essay,,image/jpeg,/objects/blacklesbianauthor128.jpeg,/objects/small/blacklesbianauthor128_sm.jpeg,/objects/thumbs/blacklesbianauthor128_th.jpeg,,,,,
blacklesbianauthor129,anthology003,Mouths of Rain: Anthology of Black Lesbian Thought,At Another Crossroads,Kate Rushin,2020,,286,note,,image/jpeg,/objects/blacklesbianauthor129.jpeg,/objects/small/blacklesbianauthor129_sm.jpeg,/objects/thumbs/blacklesbianauthor129_th.jpeg,,,,,
blacklesbianauthor130,anthology003,Mouths of Rain: Anthology of Black Lesbian Thought,B.D. Woman's Blues,Lucille Bogan,2021,,19,poem,,image/jpeg,/objects/blacklesbianauthor130.jpeg,/objects/small/blacklesbianauthor130_sm.jpeg,/objects/thumbs/blacklesbianauthor130_th.jpeg,,,,,
blacklesbianauthor131,anthology003,Mouths of Rain: Anthology of Black Lesbian Thought,Part IV: The Sacred,M. Jacqui Alexander,2021,,135,section preface,,image/jpeg,/objects/blacklesbianauthor131.jpeg,/objects/small/blacklesbianauthor131_sm.jpeg,/objects/thumbs/blacklesbianauthor131_th.jpeg,,,,,
blacklesbianauthor132,anthology003,Mouths of Rain: Anthology of Black Lesbian Thought,Wolfpack,Mecca Jamilah Sullivan,2015,,76,short story,,image/jpeg,/objects/blacklesbianauthor132.jpeg,/objects/small/blacklesbianauthor132_sm.jpeg,/objects/thumbs/blacklesbianauthor132_th.jpeg,,,,,
blacklesbianauthor133,anthology003,Mouths of Rain: Anthology of Black Lesbian Thought,Notes on Speechlessness,Michelle Cliff,2020,,121,essay,,image/jpeg,/objects/blacklesbianauthor133.jpeg,/objects/small/blacklesbianauthor133_sm.jpeg,/objects/thumbs/blacklesbianauthor133_th.jpeg,,,,,
blacklesbianauthor134,anthology003,Mouths of Rain: Anthology of Black Lesbian Thought,Finer with Time,Michelle Parkerson,2020,,20,short story,,image/jpeg,/objects/blacklesbianauthor134.jpeg,/objects/small/blacklesbianauthor134_sm.jpeg,/objects/thumbs/blacklesbianauthor134_th.jpeg,,,,,
blacklesbianauthor135,anthology003,Mouths of Rain: Anthology of Black Lesbian Thought,Jambula Tree,Monica Arac de Nyeko,2008,,22,short story,,image/jpeg,/objects/blacklesbianauthor135.jpeg,/objects/small/blacklesbianauthor135_sm.jpeg,/objects/thumbs/blacklesbianauthor135_th.jpeg,,,,,
blacklesbianauthor136,anthology003,Mouths of Rain: Anthology of Black Lesbian Thought,Living -Single-,Moya Bailey,2011,,127,essay,,image/jpeg,/objects/blacklesbianauthor136.jpeg,/objects/small/blacklesbianauthor136_sm.jpeg,/objects/thumbs/blacklesbianauthor136_th.jpeg,,,,,
blacklesbianauthor137,anthology003,Mouths of Rain: Anthology of Black Lesbian Thought,Part IV: The Sacred,Omotara James,2021,,136,section preface,,image/jpeg,/objects/blacklesbianauthor137.jpeg,/objects/small/blacklesbianauthor137_sm.jpeg,/objects/thumbs/blacklesbianauthor137_th.jpeg,,,,,
blacklesbianauthor138,anthology003,Mouths of Rain: Anthology of Black Lesbian Thought,We Are Here,Pamela Sneed,2019,,91,poem,,image/jpeg,/objects/blacklesbianauthor138.jpeg,/objects/small/blacklesbianauthor138_sm.jpeg,/objects/thumbs/blacklesbianauthor138_th.jpeg,,,,,
blacklesbianauthor139,anthology003,Mouths of Rain: Anthology of Black Lesbian Thought,Metamorphosis,Pat Parker,1978,,35,poem,,image/jpeg,/objects/blacklesbianauthor139.jpeg,/objects/small/blacklesbianauthor139_sm.jpeg,/objects/thumbs/blacklesbianauthor139_th.jpeg,,,,,
blacklesbianauthor140,anthology003,Mouths of Rain: Anthology of Black Lesbian Thought,My Lover Is a Woman,Pat Parker,1978,,36,poem,,image/jpeg,/objects/blacklesbianauthor140.jpeg,/objects/small/blacklesbianauthor140_sm.jpeg,/objects/thumbs/blacklesbianauthor140_th.jpeg,,,,,
blacklesbianauthor141,anthology003,Mouths of Rain: Anthology of Black Lesbian Thought,Sunshine,Pat Parker,1978,,39,poem,,image/jpeg,/objects/blacklesbianauthor141.jpeg,/objects/small/blacklesbianauthor141_sm.jpeg,/objects/thumbs/blacklesbianauthor141_th.jpeg,,,,,
blacklesbianauthor142,anthology003,Mouths of Rain: Anthology of Black Lesbian Thought,funny,Pat Parker,1978,,130,short story,,image/jpeg,/objects/blacklesbianauthor142.jpeg,/objects/small/blacklesbianauthor142_sm.jpeg,/objects/thumbs/blacklesbianauthor142_th.jpeg,,,,,
blacklesbianauthor143,anthology003,Mouths of Rain: Anthology of Black Lesbian Thought,Without Name,Pauli Murray,1948,,170,poem,,image/jpeg,/objects/blacklesbianauthor143.jpeg,/objects/small/blacklesbianauthor143_sm.jpeg,/objects/thumbs/blacklesbianauthor143_th.jpeg,,,,,
blacklesbianauthor144,anthology003,Mouths of Rain: Anthology of Black Lesbian Thought,Part I: Uses of the Erotic,Red Jordan Arobateau,2021,,1,section preface,,image/jpeg,/objects/blacklesbianauthor144.jpeg,/objects/small/blacklesbianauthor144_sm.jpeg,/objects/thumbs/blacklesbianauthor144_th.jpeg,,,,,
blacklesbianauthor145,anthology003,Mouths of Rain: Anthology of Black Lesbian Thought,Anew,Sangodare Akinwale,2019,,179,invocation,,image/jpeg,/objects/blacklesbianauthor145.jpeg,/objects/small/blacklesbianauthor145_sm.jpeg,/objects/thumbs/blacklesbianauthor145_th.jpeg,,,,,
blacklesbianauthor146,anthology003,Mouths of Rain: Anthology of Black Lesbian Thought,"Play Aunties and Dyke Bitches: Gender, Generation, and the Ethics of Black Queer Kinship",Savannah Shange,2019,,294,essay,,image/jpeg,/objects/blacklesbianauthor146.jpeg,/objects/small/blacklesbianauthor146_sm.jpeg,/objects/thumbs/blacklesbianauthor146_th.jpeg,,,,,
blacklesbianauthor147,anthology003,Mouths of Rain: Anthology of Black Lesbian Thought,Fighting Racism: An Approach Through Ritual,SDiane Bogus,1984,,171,essay,,image/jpeg,/objects/blacklesbianauthor147.jpeg,/objects/small/blacklesbianauthor147_sm.jpeg,/objects/thumbs/blacklesbianauthor147_th.jpeg,,,,,
blacklesbianauthor148,anthology003,Mouths of Rain: Anthology of Black Lesbian Thought,The Myth and Tradition of the Black Bulldagger,SDiane Bogus,1988,,287,essay,,image/jpeg,/objects/blacklesbianauthor148.jpeg,/objects/small/blacklesbianauthor148_sm.jpeg,/objects/thumbs/blacklesbianauthor148_th.jpeg,,,,,
blacklesbianauthor149,anthology003,Mouths of Rain: Anthology of Black Lesbian Thought,excerpt from _love conjure/blues_,sharon bridgforth,2004,,188,poem,,image/jpeg,/objects/blacklesbianauthor149.jpeg,/objects/small/blacklesbianauthor149_sm.jpeg,/objects/thumbs/blacklesbianauthor149_th.jpeg,,,,,
blacklesbianauthor150,anthology003,Mouths of Rain: Anthology of Black Lesbian Thought,Archiving Black Lesbians in Practice: The Salsa Soul Sisters Archival Collection,Shawn(ta) Smith-Cruz,2018,,314,essay,,image/jpeg,/objects/blacklesbianauthor150.jpeg,/objects/small/blacklesbianauthor150_sm.jpeg,/objects/thumbs/blacklesbianauthor150_th.jpeg,,,,,
blacklesbianauthor151,anthology003,Mouths of Rain: Anthology of Black Lesbian Thought,More Than Human: Black Feminisms of the Future in Jewelle Gomez's _The Gilda Stories_,Susana Morris,2016,,318,essay,,image/jpeg,/objects/blacklesbianauthor151.jpeg,/objects/small/blacklesbianauthor151_sm.jpeg,/objects/thumbs/blacklesbianauthor151_th.jpeg,,,,,
blacklesbianauthor152,anthology003,Mouths of Rain: Anthology of Black Lesbian Thought,Celebrant,Terri Jewell,1994,,40,poem,,image/jpeg,/objects/blacklesbianauthor152.jpeg,/objects/small/blacklesbianauthor152_sm.jpeg,/objects/thumbs/blacklesbianauthor152_th.jpeg,,,,,
blacklesbianauthor212,anthology003,Mouths of Rain: Anthology of Black Lesbian Thought,I Am Your Sister: Black Women Organizing Across Sexualities,Audre Lorde,1988,,198,essay,,image/jpeg,/objects/blacklesbianauthor212.jpeg,/objects/small/blacklesbianauthor212_sm.jpeg,/objects/thumbs/blacklesbianauthor212_th.jpeg,,,,,
blacklesbianauthor213,anthology003,Mouths of Rain: Anthology of Black Lesbian Thought,Toward a Black Feminist Criticism,Barbara Smith,1977,,204,essay,,image/jpeg,/objects/blacklesbianauthor213.jpeg,/objects/small/blacklesbianauthor213_sm.jpeg,/objects/thumbs/blacklesbianauthor213_th.jpeg,,,,,
blacklesbianauthor216,anthology003,Mouths of Rain: Anthology of Black Lesbian Thought,The Wedding,Beverly Smith,1983,,97,personal narrative,,image/jpeg,/objects/blacklesbianauthor216.jpeg,/objects/small/blacklesbianauthor216_sm.jpeg,/objects/thumbs/blacklesbianauthor216_th.jpeg,,,,,
blacklesbianauthor073,anthology002,Home Girls: A Black Feminist Anthology  (1ed),"""Under the Days"":The Buried Life and Poetry of Angeline Weld Grimké",Akasha Gloria T. Hull,1979,,73,essay,,image/jpeg,/objects/blacklesbianauthor073.jpeg,/objects/small/blacklesbianauthor073_sm.jpeg,/objects/thumbs/blacklesbianauthor073_th.jpeg,,,,,
blacklesbianauthor074,anthology002,Home Girls: A Black Feminist Anthology  (1ed),What It Is I Think She's Doing Anyhow: A Reading of Toni Cade Bambara's _The Salt Eaters,Akasha Gloria T. Hull,1983,,124,essay,,image/jpeg,/objects/blacklesbianauthor074.jpeg,/objects/small/blacklesbianauthor074_sm.jpeg,/objects/thumbs/blacklesbianauthor074_th.jpeg,,,,,
blacklesbianauthor075,anthology002,Home Girls: A Black Feminist Anthology  (1ed),Poem,Akasha Gloria T. Hull,1979,,-57,poem,,image/jpeg,/objects/blacklesbianauthor075.jpeg,/objects/small/blacklesbianauthor075_sm.jpeg,/objects/thumbs/blacklesbianauthor075_th.jpeg,,,,,
blacklesbianauthor076,anthology002,Home Girls: A Black Feminist Anthology  (1ed),The Sisters,Alexis De Veaux,1979,,10,short story,,image/jpeg,/objects/blacklesbianauthor076.jpeg,/objects/small/blacklesbianauthor076_sm.jpeg,/objects/thumbs/blacklesbianauthor076_th.jpeg,,,,,
blacklesbianauthor077,anthology002,Home Girls: A Black Feminist Anthology  (1ed),The Black Lesbian in American Literature: An Overview,Ann Allen Shockley,1979,,83,essay,,image/jpeg,/objects/blacklesbianauthor077.jpeg,/objects/small/blacklesbianauthor077_sm.jpeg,/objects/thumbs/blacklesbianauthor077_th.jpeg,,,,,
blacklesbianauthor078,anthology002,Home Girls: A Black Feminist Anthology  (1ed),Tar Beach,Audre Lorde,1979,,145,short story,,image/jpeg,/objects/blacklesbianauthor078.jpeg,/objects/small/blacklesbianauthor078_sm.jpeg,/objects/thumbs/blacklesbianauthor078_th.jpeg,,,,,
blacklesbianauthor079,anthology002,Home Girls: A Black Feminist Anthology  (1ed),Introduction,Barbara Smith,1983,,-19,introduction,,image/jpeg,/objects/blacklesbianauthor080.jpeg,/objects/small/blacklesbianauthor080_sm.jpeg,/objects/thumbs/blacklesbianauthor080_th.jpeg,,,,,
blacklesbianauthor080,anthology002,Home Girls: A Black Feminist Anthology  (1ed),Home,Barbara Smith,1983,,64,essay,,image/jpeg,/objects/blacklesbianauthor081.jpeg,/objects/small/blacklesbianauthor081_sm.jpeg,/objects/thumbs/blacklesbianauthor081_th.jpeg,,,,,
blacklesbianauthor081,anthology002,Home Girls: A Black Feminist Anthology  (1ed),Miss Esther's Land,Barbara A. Banks,1983,,179,short story,,image/jpeg,/objects/blacklesbianauthor079.jpeg,/objects/small/blacklesbianauthor079_sm.jpeg,/objects/thumbs/blacklesbianauthor079_th.jpeg,,,,,
blacklesbianauthor082,anthology002,Home Girls: A Black Feminist Anthology  (1ed),Maria de las Rosas,Becky Birtha,1979,,177,poem,,image/jpeg,/objects/blacklesbianauthor082.jpeg,/objects/small/blacklesbianauthor082_sm.jpeg,/objects/thumbs/blacklesbianauthor082_th.jpeg,,,,,
blacklesbianauthor083,anthology002,Home Girls: A Black Feminist Anthology  (1ed),The Wedding,Beverly Smith,1979,,171,essay,,image/jpeg,/objects/blacklesbianauthor083.jpeg,/objects/small/blacklesbianauthor083_sm.jpeg,/objects/thumbs/blacklesbianauthor083_th.jpeg,,,,,
blacklesbianauthor084,anthology002,Home Girls: A Black Feminist Anthology  (1ed),"The Blood—Yes, The Blood: A Conversation",Cenen; Barbara Smith,1983,,31,conversation,,image/jpeg,/objects/blacklesbianauthor084.jpeg,/objects/small/blacklesbianauthor084_sm.jpeg,/objects/thumbs/blacklesbianauthor084_th.jpeg,,,,,
blacklesbianauthor085,anthology002,Home Girls: A Black Feminist Anthology  (1ed),The Failure to Transform: Homophobia in the Black Community,Cheryl Clarke,1983,,197,essay,,image/jpeg,/objects/blacklesbianauthor085.jpeg,/objects/small/blacklesbianauthor085_sm.jpeg,/objects/thumbs/blacklesbianauthor085_th.jpeg,,,,,
blacklesbianauthor086,anthology002,Home Girls: A Black Feminist Anthology  (1ed),Women of Summer,Cheryl Clarke,1979,,230,short story,,image/jpeg,/objects/blacklesbianauthor086.jpeg,/objects/small/blacklesbianauthor086_sm.jpeg,/objects/thumbs/blacklesbianauthor086_th.jpeg,,,,,
blacklesbianauthor087,anthology002,Home Girls: A Black Feminist Anthology  (1ed),Billy de Lye,Deidre McCalla,1976,,270,poem,,image/jpeg,/objects/blacklesbianauthor087.jpeg,/objects/small/blacklesbianauthor087_sm.jpeg,/objects/thumbs/blacklesbianauthor087_th.jpeg,,,,,
blacklesbianauthor088,anthology002,Home Girls: A Black Feminist Anthology  (1ed),Before I Dress and Soar Again,Donna Allegra,1983,,166,poem,,image/jpeg,/objects/blacklesbianauthor088.jpeg,/objects/small/blacklesbianauthor088_sm.jpeg,/objects/thumbs/blacklesbianauthor088_th.jpeg,,,,,
blacklesbianauthor089,anthology002,Home Girls: A Black Feminist Anthology  (1ed),A Cultural Legacy Denied and Discovered: Black Lesbians in Fiction by Women,Jewelle Gomez,1983,,110,essay,,image/jpeg,/objects/blacklesbianauthor089.jpeg,/objects/small/blacklesbianauthor089_sm.jpeg,/objects/thumbs/blacklesbianauthor089_th.jpeg,,,,,
blacklesbianauthor090,anthology002,Home Girls: A Black Feminist Anthology  (1ed),Cat,Julie Carter,1983,,159,personal narrative,,image/jpeg,/objects/blacklesbianauthor090.jpeg,/objects/small/blacklesbianauthor090_sm.jpeg,/objects/thumbs/blacklesbianauthor090_th.jpeg,,,,,
blacklesbianauthor091,anthology002,Home Girls: A Black Feminist Anthology  (1ed),The Black Goddess,Kate Rushin,1983,,328,poem,,image/jpeg,/objects/blacklesbianauthor091.jpeg,/objects/small/blacklesbianauthor091_sm.jpeg,/objects/thumbs/blacklesbianauthor091_th.jpeg,,,,,
blacklesbianauthor092,anthology002,Home Girls: A Black Feminist Anthology  (1ed),"If I Could Write This in Fire, I Would Write This in Fire ",Michelle Cliff,1983,,15,essay,,image/jpeg,/objects/blacklesbianauthor092.jpeg,/objects/small/blacklesbianauthor092_sm.jpeg,/objects/thumbs/blacklesbianauthor092_th.jpeg,,,,,
blacklesbianauthor093,anthology002,Home Girls: A Black Feminist Anthology  (1ed),Where Will You Be?,Pat Parker,1978,,209,poem,,image/jpeg,/objects/blacklesbianauthor093.jpeg,/objects/small/blacklesbianauthor093_sm.jpeg,/objects/thumbs/blacklesbianauthor093_th.jpeg,,,,,
blacklesbianauthor094,anthology002,Home Girls: A Black Feminist Anthology  (1ed),LeRoy's Birthday,Raymina Y. Mays,1982,,168,short story,,image/jpeg,/objects/blacklesbianauthor094.jpeg,/objects/small/blacklesbianauthor094_sm.jpeg,/objects/thumbs/blacklesbianauthor094_th.jpeg,,,,,
blacklesbianauthor095,anthology002,Home Girls: A Black Feminist Anthology  (1ed),Black Lesbian/Feminist Organizing: A Conversation,Tania Abdulahad; Gwendolyn Rogers; Barbara Smith; Jameelah Waheed,1983,,293,conversation,,image/jpeg,/objects/blacklesbianauthor095.jpeg,/objects/small/blacklesbianauthor095_sm.jpeg,/objects/thumbs/blacklesbianauthor095_th.jpeg,,,,,
blacklesbianauthor096,anthology002,Home Girls: A Black Feminist Anthology  (1ed),"For a Godchild, Regina, On the Occasion of Her First Love",Toi Derricotte,1979,,3,poem,,image/jpeg,/objects/blacklesbianauthor096.jpeg,/objects/small/blacklesbianauthor096_sm.jpeg,/objects/thumbs/blacklesbianauthor096_th.jpeg,,,,,
blacklesbianauthor097,anthology002,Home Girls: A Black Feminist Anthology  (1ed),The Damned,Toi Derricotte,1983,,6,poem,,image/jpeg,/objects/blacklesbianauthor097.jpeg,/objects/small/blacklesbianauthor097_sm.jpeg,/objects/thumbs/blacklesbianauthor097_th.jpeg,,,,,
blacklesbianauthor098,anthology002,Home Girls: A Black Feminist Anthology  (1ed),Hester's Song,Toi Derricotte,1983,,8,poem,,image/jpeg,/objects/blacklesbianauthor098.jpeg,/objects/small/blacklesbianauthor098_sm.jpeg,/objects/thumbs/blacklesbianauthor098_th.jpeg,,,,,
blacklesbianauthor208,anthology002,Home Girls: A Black Feminist Anthology  (1ed),The Black Back-Ups,Kate Rushin,1983,,60,poem,,image/jpeg,/objects/blacklesbianauthor208.jpeg,/objects/small/blacklesbianauthor208_sm.jpeg,/objects/thumbs/blacklesbianauthor208_th.jpeg,,,,,
blacklesbianauthor210,anthology002,Home Girls: A Black Feminist Anthology  (1ed),A Black Feminist Statement/The Combahee River Collective Statement,Combahee River Collective,1979,,272,manifesto,,image/jpeg,/objects/blacklesbianauthor210.jpeg,/objects/small/blacklesbianauthor210_sm.jpeg,/objects/thumbs/blacklesbianauthor210_th.jpeg,,,,,
blacklesbianauthor244,anthology002,Home Girls: A Black Feminist Anthology  (1ed),The Tired Poem: Last Letter From a Typical (Unemployed) Black Professional Woman,Kate Rushin,1979,,255,poem,,image/jpeg,/objects/blacklesbianauthor244.jpeg,/object/small/blacklesbianauthor244_sm.jpeg,/objects/thumbs/blacklesbianauthor244_th.jpeg,,,,,
blacklesbianauthor025,anthology001,does your mama know? An Anthology of Black Lesbian Coming Out Stories,notes to mamma,akhaji zakiya,1991,,209,letter,,image/jpeg,/objects/blacklesbianauthor025.jpeg,/objects/small/blacklesbianauthor025_sm.jpeg,/objects/thumbs/blacklesbianauthor025_th.jpeg,,,,,
blacklesbianauthor026,anthology001,does your mama know? An Anthology of Black Lesbian Coming Out Stories,the lesbian poem,akhaji zakiya,1994,,261,poem,,image/jpeg,/objects/blacklesbianauthor026.jpeg,/objects/small/blacklesbianauthor026_sm.jpeg,/objects/thumbs/blacklesbianauthor026_th.jpeg,,,,,
blacklesbianauthor027,anthology001,does your mama know? An Anthology of Black Lesbian Coming Out Stories,Bird of Paradise,Alexis De Veaux,1992,,45,short story,,image/jpeg,/objects/blacklesbianauthor027.jpeg,/objects/small/blacklesbianauthor027_sm.jpeg,/objects/thumbs/blacklesbianauthor027_th.jpeg,,,,,
blacklesbianauthor028,anthology001,does your mama know? An Anthology of Black Lesbian Coming Out Stories,A Letter for Life,Arlene Williams,1995,,17,poem,,image/jpeg,/objects/blacklesbianauthor028.jpeg,/objects/small/blacklesbianauthor028_sm.jpeg,/objects/thumbs/blacklesbianauthor028_th.jpeg,,,,,
blacklesbianauthor029,anthology001,does your mama know? An Anthology of Black Lesbian Coming Out Stories,Johnnieruth,Becky Birtha,1987,,143,short story,,image/jpeg,/objects/blacklesbianauthor029.jpeg,/objects/small/blacklesbianauthor029_sm.jpeg,/objects/thumbs/blacklesbianauthor029_th.jpeg,,,,,
blacklesbianauthor030,anthology001,does your mama know? An Anthology of Black Lesbian Coming Out Stories,Be Still and Know,Brigitte M. Roberts,1993,,37,short story,,image/jpeg,/objects/blacklesbianauthor030.jpeg,/objects/small/blacklesbianauthor030_sm.jpeg,/objects/thumbs/blacklesbianauthor030_th.jpeg,,,,,
blacklesbianauthor031,anthology001,does your mama know? An Anthology of Black Lesbian Coming Out Stories,Mavis writes in her journal,Cheryl Clarke,1982,,185,poem,,image/jpeg,/objects/blacklesbianauthor031.jpeg,/objects/small/blacklesbianauthor031_sm.jpeg,/objects/thumbs/blacklesbianauthor031_th.jpeg,,,,,
blacklesbianauthor032,anthology001,does your mama know? An Anthology of Black Lesbian Coming Out Stories,Halfway Home: Interview with Katherine James,Denise Moore,1997,,105,interview,,image/jpeg,/objects/blacklesbianauthor032.jpeg,/objects/small/blacklesbianauthor032_sm.jpeg,/objects/thumbs/blacklesbianauthor032_th.jpeg,,,,,
blacklesbianauthor033,anthology001,does your mama know? An Anthology of Black Lesbian Coming Out Stories,Waiting to Exhale: Interview with Gina Taylor,Denise A. Moore,1997,,271,interview,,image/jpeg,/objects/blacklesbianauthor033.jpeg,/objects/small/blacklesbianauthor033_sm.jpeg,/objects/thumbs/blacklesbianauthor033_th.jpeg,,,,,
blacklesbianauthor034,anthology001,does your mama know? An Anthology of Black Lesbian Coming Out Stories,Lavender Sheep in the Fold,Donna Allegra,1995,,149,essay,,image/jpeg,/objects/blacklesbianauthor034.jpeg,/objects/small/blacklesbianauthor034_sm.jpeg,/objects/thumbs/blacklesbianauthor034_th.jpeg,,,,,
blacklesbianauthor035,anthology001,does your mama know? An Anthology of Black Lesbian Coming Out Stories,The Journey,Ekua Omosupe,1991,,233,poem,,image/jpeg,/objects/blacklesbianauthor035.jpeg,/objects/small/blacklesbianauthor035_sm.jpeg,/objects/thumbs/blacklesbianauthor035_th.jpeg,,,,,
blacklesbianauthor036,anthology001,does your mama know? An Anthology of Black Lesbian Coming Out Stories,we will not talk about this,Eva Yaa Asantewaa ,1994,,281,pom,,image/jpeg,/objects/blacklesbianauthor036.jpeg,/objects/small/blacklesbianauthor036_sm.jpeg,/objects/thumbs/blacklesbianauthor036_th.jpeg,,,,,
blacklesbianauthor037,anthology001,does your mama know? An Anthology of Black Lesbian Coming Out Stories,Bed of Thorns,"Gale ""Sky"" Edeawo",1991,,41,short story,,image/jpeg,/objects/blacklesbianauthor037.jpeg,/objects/small/blacklesbianauthor037_sm.jpeg,/objects/thumbs/blacklesbianauthor037_th.jpeg,,,,,
blacklesbianauthor038,anthology001,does your mama know? An Anthology of Black Lesbian Coming Out Stories,1985: Memories of My Coming Out Year,Hope Massiah,1995,,5,short story,,image/jpeg,/objects/blacklesbianauthor038.jpeg,/objects/small/blacklesbianauthor038_sm.jpeg,/objects/thumbs/blacklesbianauthor038_th.jpeg,,,,,
blacklesbianauthor039,anthology001,does your mama know? An Anthology of Black Lesbian Coming Out Stories,Bits and Pieces,Imani Henry,1996,,49,poem,,image/jpeg,/objects/blacklesbianauthor039.jpeg,/objects/small/blacklesbianauthor039_sm.jpeg,/objects/thumbs/blacklesbianauthor039_th.jpeg,,,,,
blacklesbianauthor040,anthology001,does your mama know? An Anthology of Black Lesbian Coming Out Stories,I Lost It at the Movies,Jewelle Gomez,1993,,123,short story,,image/jpeg,/objects/blacklesbianauthor040.jpeg,/objects/small/blacklesbianauthor040_sm.jpeg,/objects/thumbs/blacklesbianauthor040_th.jpeg,,,,,
blacklesbianauthor041,anthology001,does your mama know? An Anthology of Black Lesbian Coming Out Stories,Q & A,Karen Thompson,1994,,223,essay,,image/jpeg,/objects/blacklesbianauthor041.jpeg,/objects/small/blacklesbianauthor041_sm.jpeg,/objects/thumbs/blacklesbianauthor041_th.jpeg,,,,,
blacklesbianauthor042,anthology001,does your mama know? An Anthology of Black Lesbian Coming Out Stories,Mommy Always Knows,"Kimberly ""Q"" Purnell",1995,,195,essay,,image/jpeg,/objects/blacklesbianauthor042.jpeg,/objects/small/blacklesbianauthor042_sm.jpeg,/objects/thumbs/blacklesbianauthor042_th.jpeg,,,,,
blacklesbianauthor043,anthology001,does your mama know? An Anthology of Black Lesbian Coming Out Stories,It Happened One Sunday Afternoon,L.K. Barnett,1995,,139,short story,,image/jpeg,/objects/blacklesbianauthor043.jpeg,/objects/small/blacklesbianauthor043_sm.jpeg,/objects/thumbs/blacklesbianauthor043_th.jpeg,,,,,
blacklesbianauthor044,anthology001,does your mama know? An Anthology of Black Lesbian Coming Out Stories,"Black Triangles, Rainbows and Dykes",L.K. Barnett,1995,,67,short story,,image/jpeg,/objects/blacklesbianauthor044.jpeg,/objects/small/blacklesbianauthor044_sm.jpeg,/objects/thumbs/blacklesbianauthor044_th.jpeg,,,,,
blacklesbianauthor045,anthology001,does your mama know? An Anthology of Black Lesbian Coming Out Stories,From a Lesbian Womb Into a Lesbian World: Coming Out,Laura Irene Wayne,1995,,103,short story,,image/jpeg,/objects/blacklesbianauthor045.jpeg,/objects/small/blacklesbianauthor045_sm.jpeg,/objects/thumbs/blacklesbianauthor045_th.jpeg,,,,,
blacklesbianauthor046,anthology001,does your mama know? An Anthology of Black Lesbian Coming Out Stories,When I Was a Little Girl,Lena Nsomeka Gomes,1996,,283,essay,,image/jpeg,/objects/blacklesbianauthor046.jpeg,/objects/small/blacklesbianauthor046_sm.jpeg,/objects/thumbs/blacklesbianauthor046_th.jpeg,,,,,
blacklesbianauthor047,anthology001,does your mama know? An Anthology of Black Lesbian Coming Out Stories,"Me, Growing Up, (part 1)",Letta Neely,1995,,187,poem,,image/jpeg,/objects/blacklesbianauthor047.jpeg,/objects/small/blacklesbianauthor047_sm.jpeg,/objects/thumbs/blacklesbianauthor047_th.jpeg,,,,,
blacklesbianauthor048,anthology001,does your mama know? An Anthology of Black Lesbian Coming Out Stories,Without Thinking,Liz Messerly,1995,,291,essay,,image/jpeg,/objects/blacklesbianauthor048.jpeg,/objects/small/blacklesbianauthor048_sm.jpeg,/objects/thumbs/blacklesbianauthor048_th.jpeg,,,,,
blacklesbianauthor049,anthology001,does your mama know? An Anthology of Black Lesbian Coming Out Stories,Class Reunion,Liza Wesley,1995,,73,short story,,image/jpeg,/objects/blacklesbianauthor049.jpeg,/objects/small/blacklesbianauthor049_sm.jpeg,/objects/thumbs/blacklesbianauthor049_th.jpeg,,,,,
blacklesbianauthor050,anthology001,does your mama know? An Anthology of Black Lesbian Coming Out Stories,Man Royals and Sodomites: Some Thoughts on the Invisibility of Afro-Carribean Leesbians,Makeda Silvera,1988,,171,essay,,image/jpeg,/objects/blacklesbianauthor050.jpeg,/objects/small/blacklesbianauthor050_sm.jpeg,/objects/thumbs/blacklesbianauthor050_th.jpeg,,,,,
blacklesbianauthor051,anthology001,does your mama know? An Anthology of Black Lesbian Coming Out Stories,A Path to Wholenesss,Martine C. Barbier,1995,,21,short story,,image/jpeg,/objects/blacklesbianauthor051.jpeg,/objects/small/blacklesbianauthor051_sm.jpeg,/objects/thumbs/blacklesbianauthor051_th.jpeg,,,,,
blacklesbianauthor052,anthology001,does your mama know? An Anthology of Black Lesbian Coming Out Stories,Spice,Mattie Richardson,1994,,225,short story,,image/jpeg,/objects/blacklesbianauthor052.jpeg,/objects/small/blacklesbianauthor052_sm.jpeg,/objects/thumbs/blacklesbianauthor052_th.jpeg,,,,,
blacklesbianauthor053,anthology001,does your mama know? An Anthology of Black Lesbian Coming Out Stories,Coming Out Story,Michelle Hunter,1996,,93,short story,,image/jpeg,/objects/blacklesbianauthor053.jpeg,/objects/small/blacklesbianauthor053_sm.jpeg,/objects/thumbs/blacklesbianauthor053_th.jpeg,,,,,
blacklesbianauthor054,anthology001,does your mama know? An Anthology of Black Lesbian Coming Out Stories,This Is Not Done,Michelle Hunter,1996,,253,essay,,image/jpeg,/objects/blacklesbianauthor054.jpeg,/objects/small/blacklesbianauthor054_sm.jpeg,/objects/thumbs/blacklesbianauthor054_th.jpeg,,,,,
blacklesbianauthor055,anthology001,does your mama know? An Anthology of Black Lesbian Coming Out Stories,Letter to Carolyn,Michelle Wilkinson,1997,,161,letter,,image/jpeg,/objects/blacklesbianauthor055.jpeg,/objects/small/blacklesbianauthor055_sm.jpeg,/objects/thumbs/blacklesbianauthor055_th.jpeg,,,,,
blacklesbianauthor056,anthology001,does your mama know? An Anthology of Black Lesbian Coming Out Stories,cabaret,mistinguette,1994,,71,poem,,image/jpeg,/objects/blacklesbianauthor056.jpeg,/objects/small/blacklesbianauthor056_sm.jpeg,/objects/thumbs/blacklesbianauthor056_th.jpeg,,,,,
blacklesbianauthor057,anthology001,does your mama know? An Anthology of Black Lesbian Coming Out Stories,You ask why I stayed married all those years,mistinguette,1988,,293,poem,,image/jpeg,/objects/blacklesbianauthor057.jpeg,/objects/small/blacklesbianauthor057_sm.jpeg,/objects/thumbs/blacklesbianauthor057_th.jpeg,,,,,
blacklesbianauthor058,anthology001,does your mama know? An Anthology of Black Lesbian Coming Out Stories,untitled,Nailah Taliba Tulinegwe,1996,,265,essay,,image/jpeg,/objects/blacklesbianauthor058.jpeg,/objects/small/blacklesbianauthor058_sm.jpeg,/objects/thumbs/blacklesbianauthor058_th.jpeg,,,,,
blacklesbianauthor059,anthology001,does your mama know? An Anthology of Black Lesbian Coming Out Stories,untitled (4/'91),Renita Martin,1993,,269,poem,,image/jpeg,/objects/blacklesbianauthor059.jpeg,/objects/small/blacklesbianauthor059_sm.jpeg,/objects/thumbs/blacklesbianauthor059_th.jpeg,,,,,
blacklesbianauthor060,anthology001,does your mama know? An Anthology of Black Lesbian Coming Out Stories,The Woman in Me,Roxanne Gay,1996,,245,letter,,image/jpeg,/objects/blacklesbianauthor060.jpeg,/objects/small/blacklesbianauthor060_sm.jpeg,/objects/thumbs/blacklesbianauthor060_th.jpeg,,,,,
blacklesbianauthor061,anthology001,does your mama know? An Anthology of Black Lesbian Coming Out Stories,that beat,sharon bridgforth,1992,,227,poem,,image/jpeg,/objects/blacklesbianauthor061.jpeg,/objects/small/blacklesbianauthor061_sm.jpeg,/objects/thumbs/blacklesbianauthor061_th.jpeg,,,,,
blacklesbianauthor062,anthology001,does your mama know? An Anthology of Black Lesbian Coming Out Stories,Mothers Know,Shay Youngblood,1985,,197,short story,,image/jpeg,/objects/blacklesbianauthor062.jpeg,/objects/small/blacklesbianauthor062_sm.jpeg,/objects/thumbs/blacklesbianauthor062_th.jpeg,,,,,
blacklesbianauthor063,anthology001,does your mama know? An Anthology of Black Lesbian Coming Out Stories,The Making of an Orphan: the death of a daughter's place in the family,sherece taffe,1995,,237,essay,,image/jpeg,/objects/blacklesbianauthor063.jpeg,/objects/small/blacklesbianauthor063_sm.jpeg,/objects/thumbs/blacklesbianauthor063_th.jpeg,,,,,
blacklesbianauthor064,anthology001,does your mama know? An Anthology of Black Lesbian Coming Out Stories,And Now They Know,Sheree Slaughter,1991,,35,poem,,image/jpeg,/objects/blacklesbianauthor064.jpeg,/objects/small/blacklesbianauthor064_sm.jpeg,/objects/thumbs/blacklesbianauthor064_th.jpeg,,,,,
blacklesbianauthor065,anthology001,does your mama know? An Anthology of Black Lesbian Coming Out Stories,No Half Steppin',Shilanda Woolridge,1995,,203,esssay,,image/jpeg,/objects/blacklesbianauthor065.jpeg,/objects/small/blacklesbianauthor065_sm.jpeg,/objects/thumbs/blacklesbianauthor065_th.jpeg,,,,,
blacklesbianauthor066,anthology001,does your mama know? An Anthology of Black Lesbian Coming Out Stories,A Short Account of My Behavior,Terri Jewell,1995,,31,essay,,image/jpeg,/objects/blacklesbianauthor066.jpeg,/objects/small/blacklesbianauthor066_sm.jpeg,/objects/thumbs/blacklesbianauthor066_th.jpeg,,,,,
blacklesbianauthor067,anthology001,does your mama know? An Anthology of Black Lesbian Coming Out Stories,Interview with Stephanie Byrd,Terri Jewell,1995,,129,interview,,image/jpeg,/objects/blacklesbianauthor067.jpeg,/objects/small/blacklesbianauthor067_sm.jpeg,/objects/thumbs/blacklesbianauthor067_th.jpeg,,,,,
blacklesbianauthor068,anthology001,does your mama know? An Anthology of Black Lesbian Coming Out Stories,Miss Ruth,Terri Jewell,1990,,189,interview,,image/jpeg,/objects/blacklesbianauthor068.jpeg,/objects/small/blacklesbianauthor068_sm.jpeg,/objects/thumbs/blacklesbianauthor068_th.jpeg,,,,,
blacklesbianauthor069,anthology001,does your mama know? An Anthology of Black Lesbian Coming Out Stories,Long Way Home,Tiffany Frazier,1995,,165,poem,,image/jpeg,/objects/blacklesbianauthor069.jpeg,/objects/small/blacklesbianauthor069_sm.jpeg,/objects/thumbs/blacklesbianauthor069_th.jpeg,,,,,
blacklesbianauthor070,anthology001,does your mama know? An Anthology of Black Lesbian Coming Out Stories,I Guess I Never Will,Tonda Clarke,1995,,117,short story,,image/jpeg,/objects/blacklesbianauthor070.jpeg,/objects/small/blacklesbianauthor070_sm.jpeg,/objects/thumbs/blacklesbianauthor070_th.jpeg,,,,,
blacklesbianauthor071,anthology001,does your mama know? An Anthology of Black Lesbian Coming Out Stories,Pure,Tonia Bryan,1994,,213,essay,,image/jpeg,/objects/blacklesbianauthor071.jpeg,/objects/small/blacklesbianauthor071_sm.jpeg,/objects/thumbs/blacklesbianauthor071_th.jpeg,,,,,
blacklesbianauthor072,anthology001,does your mama know? An Anthology of Black Lesbian Coming Out Stories,"The Words I Know, the Way I Understand",Tonia Bryan,1995,,249,essay,,image/jpeg,/objects/blacklesbianauthor072.jpeg,/objects/small/blacklesbianauthor072_sm.jpeg,/objects/thumbs/blacklesbianauthor072_th.jpeg,,,,,
blacklesbianauthor258,anthology001,does your mama know? An Anthology of Black Lesbian Coming Out Stories,Introduction,Lisa C. Moore,1997,,-1,introduction,,image/jpeg,/objects/blacklesbianauthor258.jpeg,/object/small/blacklesbianauthor258_sm.jpeg,/objects/thumbs/blacklesbianauthor258_th.jpeg,,,,,
anthology001,,,does your mama know? An Anthology of Black Lesbian Coming Out Stories,Lisa C. Moore,1997,black lesbian; lesbian; coming out,,,RedBone Press,compound_object,/objects/mamaknowcover.jpeg,/objects/small/mamaknowcover_sm.jpeg,/objects/thumbs/mamaknowcover_th.jpeg,"Decatur, Ga",33.77483,-84.29631,,
anthology002,,,Home Girls: A Black Feminist Anthology ,Barbara Smith,1983,black feminism; black lesbian feminism; black lesbian; black women,,,Kitchen Table: Women of Color Press,compound_object,/objects/homegirls2edcover.jpeg,/objects/small/homegirls2edcover_sm.jpeg,/objects/thumbs/homegirls2edcover_th.jpeg,"New York, New York",40.73061,-73.935242,,
anthology003,,,Mouths of Rain: Anthology of Black Lesbian Thought,Briona Simone Jones,2021,black lesbian feminism; black feminism; black lesbian,,,The New Press,compound_object,/objects/mouthscover.jpeg,/objects/small/mouthscover_sm.jpeg,/objects/thumbs/mouthscover_th.jpeg,"New York, New York",40.73061,-73.935242,,
anthology004,,,Piece Of My Heart: A Lesbian of Colour Anthology,Makeda Silvera,1991,lesbian of color; women of color feminism; black lesbian,,,Sister Vision,compound_object,/objects/piecescover.jpeg,/objects/small/piecescover_sm.jpeg,/objects/thumbs/piecescover_th.jpeg,"Toronto, Canada",43.65107,-79.347015,,
anthology005,,,Afrekete: An Anthology of Black Lesbian Writing,Catherine E. McKinley; L. Joyce DeLaney,1995,black lesbian,,,Double Day Press,compound_object,/objects/afreketecover.jpeg,/objects/small/afreketecover_sm.jpeg,/objects/thumbs/afreketecover_th.jpeg,"New York, New York",40.73061,-73.935242,,
anthology006,,,But Some Of Us Are Brave: Black Women's Studies,Gloria T. Hull; Patricia Bell Scott; Barbara Smith,1982,"black feminism; black women's studies, black lesbian feminism",,,The Feminist Press,compound_object,/objects/brave2edcover.jpeg,/objects/small/brave2edcover_sm.jpeg,/objects/thumbs/brave2edcover_th.jpeg,"New York, New York",40.73061,-73.935242,,
anthology007,,,This Bridge Called My Back: Writings By Radical Women of Color,Cherríe Moraga; Gloria Anzaldúa,1981,women of color feminism; black feminism; black lesbian feminism,,,Persephone Press,compound_object,/objects/bridge1edcover.jpeg,/objects/small/bridge1edcover_sm.jpeg,/objects/thumbs/bridge1edcover_th.jpeg,"Watertown, Massachusetts",42.372498,-71.187355,,
anthology008,,,This Bridge Called My Back: Writings By Radical Women of Color (4ed),Cherríe Moraga; Gloria Anzaldúa,2015,women of color feminism; black feminism; black lesbian feminism,,,SUNY Press,compound_object,/objects/bridge4edcover.jpeg,/objects/small/bridge4edcover_sm.jpeg,/objects/thumbs/bridge4edcover_th.jpeg,"Albany, New York",42.65258,-73.756233,,
anthology009,,,The Black Woman: An Anthology,Toni Cade Bombara,1970,"black women's writing, black feminism, black women's literature",,,New American Library,compound_object,/objects/blackwomancover.jpeg,/objects/small/blackwomancover_sm.jpeg,/objects/thumbs/blackwomancover_th.jpeg,"New York, New York",40.73061,-73.935242,,
anthology010,,,Home Girls: A Black Feminist Anthology (40th anniversary edition),Barbara Smith,2023,black feminism; black lesbian feminism; black lesbian; black women,,,Rutgers University Press,compound_object,/objects/homegirls40cover.jpeg,/objects/small/homegirls40cover_sm.jpeg,/objects/thumbs/homegirls40cover_th.jpeg,"New York, New York",40.73061,-73.935242,,
anthology011,,,But Some Of Us Are Brave: Black Women's Studies,Gloria T. Hull; Patricia Bell Scott; Barbara Smith,2015,"black feminism; black women's studies, black lesbian feminism",,,The Feminist Press,compound_object,/objects/brave2edcover.jpeg,/objects/small/brave2edcover_sm.jpeg,/objects/thumbs/brave2edcover_th.jpeg,"New York, New York",40.818152,--73.9500391,,